Wang_WAS_CR-5	CCCATCCATCCAGAGACACA	CCCATCCATCCAGAGACACA	55	55	0.489361702128	0	....................
Wang_WAS_CR-5	CCCATCCATCCAGAGACACA	CCCATCCATCCAGAGACACA	55	55	0.489361702128	0	....................
Wang_WAS_CR-5	CCCATCCATCCAGAGACACA	CCCATCCATCCAGAGACACA	55	55	0.489361702128	0	....................
Wang_WAS_CR-5	CCCATCCATCCAGAGACACA	CCCATCCATCCAGAGACACA	55	55	0.489361702128	0	....................
Wang_WAS_CR-5	CCCATCCATCCAGAGACACA	CCCATCCATCCAGAGACACA	55	55	0.489361702128	0	....................
Wang_WAS_CR-5	CCCATCCATCCAGAGACACA	CCCATCCATCCAGAGACACA	55	55	0.489361702128	0	....................
Wang_WAS_CR-5	CCCATCCATCCAGAGACACA	CCCATCCATCCAGAGACACA	55	55	0.489361702128	0	....................
Wang_WAS_CR-5	CCCATCCATCCAGAGACACA	CCCATCCATCCAGAGACACA	55	55	0.489361702128	0	....................
Wang_WAS_CR-5	CCCATCCATCCAGAGACACA	CCCATCCATCCAGAGACACA	55	55	0.489361702128	0	....................
Wang_WAS_CR-5	CCCATCCATCCAGAGACACA	CCCATCCATCCAGAGACACA	55	55	0.489361702128	0	....................
Wang_WAS_CR-5	CCCATCCATCCAGAGACACA	CCCATCCATCCAGAGACACA	55	55	0.489361702128	0	....................
Wang_WAS_CR-5	CCCATCCATCCAGAGACACA	CCCATCCATCCAGAGACACA	55	55	0.489361702128	0	....................
Wang_WAS_CR-5	CCCATCCATCCAGAGACACA	CCCATCCATCCAGAGACACA	55	55	0.489361702128	0	....................
Wang_WAS_CR-5	CCCATCCATCCAGAGACACA	CCCATCCATCCAGAGACACA	55	55	0.489361702128	0	....................
Wang_WAS_CR-5	CCCATCCATCCAGAGACACA	CCCATCCATCCAGAGACACA	55	55	0.489361702128	0	....................
Wang_WAS_CR-5	CCCATCCATCCAGAGACACA	CCCATCCATCCAGAGACACA	55	55	0.489361702128	0	....................
Wang_WAS_CR-5	CCCATCCATCCAGAGACACA	CCCATCCATCCAGAGACACA	55	55	0.489361702128	0	....................
Wang_WAS_CR-5	CCCATCCATCCAGAGACACA	CCCATCCATCCAGAGACACA	55	55	0.489361702128	0	....................
Wang_WAS_CR-5	CCCATCCATCCAGAGACACA	CCCATCCATCCAGAGACACA	55	55	0.489361702128	0	....................
Wang_WAS_CR-5	CCCATCCATCCAGAGACACA	CCCATCCATCCAGAGACACA	55	55	0.489361702128	0	....................
Wang_WAS_CR-5	CCCATCCATCCAGAGACACA	CCCATCCATCCAGAGACACA	55	55	0.489361702128	0	....................
Wang_WAS_CR-5	CCCATCCATCCAGAGACACA	CCCATCCATCCAGAGACACA	55	55	0.489361702128	0	....................
Wang_WAS_CR-5	CCCATCCATCCAGAGACACA	CCCATCCATCCAGAGACACA	55	55	0.489361702128	0	....................
Wang_WAS_CR-5	CCCATCCATCCAGAGACACA	CCCATCCATCCAGAGACACA	55	55	0.489361702128	0	....................
Wang_WAS_CR-5	CCCATCCATCCAGAGACACA	CCCATCCATCCAGAGACACA	55	55	0.489361702128	0	....................
Wang_WAS_CR-5	CCCATCCATCCAGAGACACA	CCCATCCATCCAGAGACACA	55	55	0.489361702128	0	....................
Wang_WAS_CR-5	CCCATCCATCCAGAGACACA	CCCATCCATCCAGAGACACA	55	55	0.489361702128	0	....................
Wang_WAS_CR-5	CCCATCCATCCAGAGACACA	CCCATCCATCCAGAGACACA	55	55	0.489361702128	0	....................
Wang_WAS_CR-5	CCCATCCATCCAGAGACACA	CCCATCCATCCAGAGACACA	55	55	0.489361702128	0	....................
Wang_WAS_CR-5	CCCATCCATCCAGAGACACA	CCCATCCATCCAGAGACACA	55	55	0.489361702128	0	....................
Wang_WAS_CR-5	CCCATCCATCCAGAGACACA	CCCATCCATCCAGAGACACA	55	55	0.489361702128	0	....................
