Chr 	Position 	DNA cleavage Score 	DNA seq at a cleavage sites
Chr6 	43737290 	38.9 	GGGTGGGGGGAGTTTGCTCCAGG
Chr15 	65637537 	25.6 	GGaTGGaGGGAGTTTGCTCCTGG
Chr5 	7067159 	22.2 	GaGgGtGGGGAGTTTaCTCCTGG
Chr1 	99347651 	21.3 	GGGgaGGGGaAGTTTGCTCCTGG
Chr12 	1988077 	20.7 	cGGgGGaGGGAGTTTGCTCCTGG
Chr22 	37215276 	20.4 	GGGTGGGGGGAGTTTGCcCCAGG
Chr17 	32986325 	17.8 	GGGgGtGGGGAcTTTGCTCCAGG
Chr1 	82627648 	16.6 	GGGTGctGGcAcagTGCTCCTGG
Chr12 	26641302 	16.5 	aGtTtGGGGGAGTTTGCcCCAGG
Chr1 	233157354 	15.6 	GGagGaGGGGAGTcTGCTCCAGG
Chr10 	124731416 	15.3 	aGcTGGaGGGAGTTTGCcCCAGG
Chr12 	131690199 	14.4 	GGGaGGGtGGAGTTTGCTCCTGG
Chr11 	71497119 	14.3 	aGGaaGGaGGAGTTaGCTCCTGG
Chr20 	7836107 	14.2 	caGgtGGGaGAGTTTGCTCCCAG
Chr17 	39796328 	14.1 	taGTGGaGGGAGcTTGCTCCTGG
Chr4 	8453803 	14.1 	GaGTGGGtGGAGTTTGCTaCAGG
Chr9 	88657759 	14.1 	GGaTGGaGGtAGTTTGtTCCTGG
Chr9 	93925190 	14.1 	GGGgGtGGGGAGcaTGCTCCAGG
Chr3 	125633992 	13.8 	aGGaaGGaGGAGTTaGCTCCTGG
Chr16 	8763213 	13.4 	aaGTaaGGGaAGTTTGCTCCTGG
Chr8 	140714327 	13.1 	GGGaGGaGaGAGTTTGCTCtCTG
Chr20 	56175356 	13.0 	aGGgaGGaGGAaTTTGCTCCAGG
Chr15 	93140401 	12.7 	GGGgGaGGGaAGTTTcCTCCAGG
Chr2 	209437600 	11.6 	aGGgaGGGaGAaTTTGCTCCTGG
Chr3 	128284321 	11.6 	aGGTGGtGGGAGcTTGtTCCTGG
Chr5 	32945275 	11.6 	GcGTGGGGGGtGTTTGCTCCCGG
Chr6 	14316373 	11.5 	GtGgGGGtaGAGTTTGCTCCAGG
Chr13 	26202812 	11.4 	GGtTGaGGGGAGTcTGCTCCAGG
Chr5 	156390 	11.3 	tGcTcGGGGGAGTTTGCaCCAGG
Chr21 	43689878 	10.7 	GGcccaGGGGAGTTTGCTCCCAG
Chr19 	51310920 	10.7 	GtGcaGGGGGAaTTTGCTtCCGG
Chr5 	139263024 	10.6 	ttGgGGGGGcAGTTTGCTCCTGG
ChrX 	82127748 	10.5 	aGagGGGGaGAGTTTGCcCCTGG
Chr7 	17819097 	10.2 	acaactGGGGAGTTTGCTCCTGG
Chr22 	41676762 	10.1 	aGtgcaGGGGAGcTTGCTCCTGG
Chr2 	96056645 	9.9 	GGGTGGGGaGAGTTTctTCCTGG
Chr3 	195871264 	9.8 	GGtgGGGGaGAGcTaGCTCCGGG
Chr11 	3445204 	9.7 	aGGaaGGaGGAGTTaGCTCCTGG
Chr6 	45554056 	9.7 	GGGgtGGGaGAGTTTGCTCtCTG
Chr18 	366714 	9.4 	GGGgGcaGGGAGaTTGCTCCTGG
Chr3 	13580170 	9.1 	atGgGGGaGaAacTTGCTCCTGG
ChrX 	19185601 	8.9 	GGGaGGGGaGAGTTTGtTCCAGG
Chr11 	67574262 	8.7 	aGGaaGGaGGAGTTaGCTCCTGG
Chr17 	47317539 	8.5 	ctGgtGGGGGAGcTTGCTCCAGG
Chr6 	91365255 	8.4 	cccgGGGGGaAGcTTGCTCCAGG
Chr22 	18454623 	8.4 	GGaaaGGaGGAGcTTGCTCCAGG
Chr22 	19698463 	8.3 	GaGgGGGaGcAGTTTGCTCCAGG
Chr3 	36358934 	8.3 	aGtgGGGGaGAGTaTGCTCCGGG
Chr21 	37116659 	7.7 	aaGTGGGaaGAGTTTGtTCCAGG
Chr11 	117481208 	7.5 	GGGcaaGGGGAGgTTGCTCCTGG
Chr7 	29081029 	7.5 	GGagtGGGtGAGcTTGCTCCTGG
Chr17 	63035708 	7.4 	aGGaGGGGGaAGaaTGCTCCAGG
Chr2 	181170961 	6.7 	tGGgGaGGGGAaaTTGCTCCTGG
Chr6 	109284989 	6.7 	tGGaGaGGGGAGTTgGCTCCTGG
Chr11 	122583511 	6.7 	aGaaGaGGGGAtTTTGCTCCTGG
Chr5 	56172079 	6.6 	GGtgGGGGtGgGTTTGCTCCTGG
Chr1 	33643288 	6.5 	GGGTGGGtGGAGTTTGCTaCTGG
Chr8 	28483353 	6.4 	aaGTGGGaGGAGacTGCTCCAGG
Chr22 	38219333 	6.0 	aGGTcGGGGGAGTTaGaTCCCGG
Chr15 	29263777 	6.0 	GGGatGGGaGAGTcTGCTCCTGG
Chr2 	30430777 	5.7 	aGGgaGaGGGAGcTTGCTCCCAG
Chr12 	107832636 	5.4 	tctTGGGGGGAagTTGCTCCAGG
Chr4 	185246171 	5.3 	GGagGGGGGGctTTTGCTCCAGG
Chr8 	10804669 	4.8 	GaGTGaGGaGAGcTTGCTCCATG
Chr5 	95220670 	4.6 	GGGaGcaGGGAaTTTGCTCCAGG
Chr2 	129199817 	4.5 	tccTGaGGGcAGTTTGCTCCAGG
Chr13 	31251013 	4.4 	tGtaGaGGGagtTTTGCTCCCGG
Chr16 	89679839 	4.4 	GGagGaGGGaAcTTTGCTCCAGG
Chr1 	20166440 	4.3 	GtGgGaGGatAGcTTGCTCCTGG
Chr18 	13983474 	3.7 	GGGTGaaaGaAGTTTaCTCCTGG
Chr6 	50485682 	3.6 	atGTGtGGGGAaTTTGCTCCAGG
Chr1 	205484156 	3.6 	GtGTGaGtGGAGTTTGCTCtGGG
Chr6 	109070771 	3.5 	GGtgGGGGaaAGTTTGCTCCTGA
Chr15 	101813024 	3.4 	aaGgaGGcGGAGcTTGCTCCTGG
Chr11 	11823598 	3.1 	GGcTGGaGGGgaTTTGCTCCTGG
Chr9 	5336085 	3.1 	tcGTGGtGGGAaTTTaCTCCTGG
Chr4 	116853325 	2.9 	aaagGGGGGaAcTTTGCTCCAGG
Chr11 	86695108 	2.8 	aGGgaaGGGGAaTTTGCaCCTGG
Chr5 	57030871 	2.8 	ctcTGaGGGGAGTTTGCTCtGGG
Chr15 	84047385 	2.7 	GGagtcaGGGAaTTTGCTCCTGG
Chr 	Position 	DNA cleavage Score 	DNA seq at a cleavage sites
Chr2 	242214607 	167.0 	attCCCCcCCACCCCGCCTCAGG
Chr9 	103599649 	105.2 	acaCCCCcCCACCCCGCCTCAGG
Chr14 	75098723 	101.0 	cctCaCCcCCACCCCaCCTCTGG
Chr11 	31817483 	95.2 	GggCCCCTCCACCCCGCCTCTGG
Chr17 	4358752 	72.7 	tACCCCCcaCACCCCGCCTCTGG
Chr16 	56963429 	58.0 	tgCCCCCcCCACCCCaCCTCTGG
Chr12 	26025095 	56.2 	cAttCCCcCCACCCCaCCTCAGG
Chr1 	111860603 	44.5 	tAaatCCTCCACCCCaCCTCAGG
Chr18 	21359559 	40.7 	GcCCCCacCCACCCCGCCTCTGG
Chr6 	43738562 	36.2 	GACCCCCTCCACCCCGCCTCCGG
Chr10 	116294256 	35.4 	ccCCaCCcCCACCCCGCCTCAGG
Chr22 	32532901 	35.2 	GAgCCaCTgCgCCCgGCCcCCGG
Chr9 	27338875 	33.9 	GACCCCtcCCACCCCGaCTCCGG
Chr17 	40044757 	33.4 	tgCCCCtcCCACCCCGCCTCTGG
Chr12 	31812350 	31.9 	GAtCgaCTCCACCCCGCCTCTGG
Chr13 	100546989 	30.0 	ccCCCCCcCCcCCCCGCCTCAGG
Chr19 	13122189 	30.0 	GcCCCCCaCCACCCCaCCTCGGG
Chr5 	6715119 	29.4 	ctaCCCCTCCACCCCGCCTCCGG
Chr10 	72538218 	29.3 	cAgtCCCcCCACCCCaCCTCTGG
Chr16 	13492458 	28.6 	tcCgCCCcCCACCCCaCCTCCGG
Chr4 	38537628 	28.1 	ctCCCCacCCACCCCGCCTCAGG
Chr6 	160552566 	27.9 	tcagaCCTCCACCCCGCCTCAGG
Chr16 	81442194 	26.1 	ttCaCCaTCaACCCCcaCTtCAG
Chr4 	182638032 	25.1 	tcCtttCTCCACCCCaCCTCTGG
Chr10 	135149948 	24.7 	cgCCCtCcCCACCCCGCCTCCGG
Chr11 	2686249 	23.2 	ctCaCCCcCCACCCCaCCTCTGG
Chr11 	83433600 	19.4 	GtCaCtCcCCACCCCGCCTCTGG
Chr4 	148977716 	18.8 	tcCCgCCcCCACCCCaCCTCCGG
Chr1 	198124848 	18.8 	tgCaaCCTCCtCCCCGCCTCGGG
Chr9 	131706582 	18.6 	agCCaaCcCCACCCCGCCTCTGG
Chr17 	29983010 	15.9 	cAtCttCcCCACCCCGCCTCTGG
ChrX 	70597642 	14.3 	ctaCgCtcCacCaCCaCCTCCAG
Chr16 	69166711 	13.0 	agtagCCcCCACCCCGCCTCGGG
Chr4 	1496258 	12.2 	aggCCCCcaCACCCCGCCTCAGG
Chr4 	160033153 	12.2 	tcaCtCCcCCACCCCaCCTCTGG
Chr11 	71948805 	11.4 	GcttCCCTCCACCCCGCaTCCGG
Chr18 	19751064 	10.7 	cgtCtCCcCCACCCCaCCTCAGG
Chr11 	374667 	9.3 	aggCCCCcCCgCCCCGCCTCAGG
Chr14 	19361511 	8.7 	GtCgaggTCCACCCCGCCTCAGG
Chr5 	139028257 	8.6 	ctCCCCCcCCtCCCCGCCTCGGG
Chr9 	140428961 	8.6 	ctCCCagaCtcCtCCcCCTCCTC
Chr3 	140398801 	8.1 	cAaCCCCcCCACCCCGCtTCAGG
Chr20 	25240252 	8.1 	ccCaCaCcCCACCCCaCCTCCGG
Chr8 	122367964 	7.1 	ccaCCatcCCACCCCGCCTCTGG
ChrX 	118865483 	6.1 	GtCCtCCaCCACCCCGCCTCTGG
Chr1 	5477153 	6.0 	ctgCCtCctCACCCCGCCTCAGG
Chr6 	10882454 	5.7 	ccCtCtCcaCcCCCacCCTCTGG
Chr13 	107367839 	5.6 	tctCCCCTgtACCCCGCCTCTGG
Chr11 	14596970 	4.5 	ccCtaCCcCCACCCCaCCTCAGG
Chr17 	48624779 	3.9 	ccCttCCcCCACCCCaCCTCCGG
Chr19 	42806801 	3.9 	ttCtCCCTCCtCCCCGCCTCGGG
Chr2 	225762279 	3.8 	ctCCCCtcCacCCCaGCCTCCGG
Chr12 	101603788 	3.8 	GcCagCCctCACCCCGCCTCGGG
Chr2 	12744776 	3.7 	GACaCaCcCCACCCCaCCTCAGG
Chr11 	45402251 	3.3 	cgatCCtcttACCCCGCCTCCGG
Chr6 	167929803 	3.3 	GctgtCtcCCACCCCGCCTCAGG
Chr21 	37111654 	3.1 	tcttCttTCCACCCCGCCTCAGG
Chr17 	41797972 	2.9 	tcCCCttcCCACCCCaCCTCCGG
Chr9 	13973961 	2.9 	cAagtaaTCCACCCCaCCTCAGG
Chr1 	112708281 	2.8 	GcCaCCtTCCACCCCaCCTCAGG
Chr5 	58336894 	2.8 	cttCCtCcaCcCCgCagtctATG
Chr17 	58404869 	2.6 	cgCCCaCcCCACCCCaCCTCAGG
Chr4 	84744222 	2.6 	ccagCtCcCCACCCCaCCTCAGG
Chr 	Position 	DNA cleavage Score 	DNA seq at a cleavage sites
Chr20 	2650069 	50.1 	GGTGtaTGAGTGTGTGCGTcGGA
Chr2 	177463426 	45.0 	GGTGAGTGtGTGTGTGCaTGTGG
Chr5 	89440969 	43.7 	aGaGAGTGAGTGTGTGCaTGAGG
Chr5 	98946319 	43.2 	GGTGtagtgGTGTGTGCtTGTGG
Chr6 	39028642 	41.2 	GGTGtGTGAGTGTGTGCaTtGGG
Chr4 	58326608 	39.5 	aGTGAGTGAGTGaGTGaGTGAGG
Chr19 	1716792 	36.8 	caTGAGTGAGTGTGTGgGTGGGG
Chr16 	74898121 	31.2 	GGTGAGaGAGTGTGTGCGTaGGA
Chr7 	152671378 	31.0 	aGTGAGTGAGTGaGTGaGTGAGG
Chr4 	89935133 	29.8 	tcTGAGTGAGTGTGgGCaTGGGG
Chr16 	84032646 	28.8 	GGTGAaTGAGTGTGTGCtctGGG
Chr22 	37662824 	27.8 	GcTGAGTGAGTGTaTGCGTGTGG
Chr20 	50724405 	27.1 	cGTGAGTGAGTGTGTaCcTGGGG
Chr6 	157078327 	27.0 	GaTGAGTGAGTGaGTGaGTGGGG
Chr11 	79178523 	26.9 	aGTGAGTGAGTGaGTGgGgtTGG
Chr14 	65569159 	24.7 	aGTGAGTGAGTGTGTGtGTGGGG
Chr20 	20178284 	24.1 	aGTGtGTGAGTGTGTGCGTGTGG
Chr17 	33323269 	23.8 	tGTGAGTGAGTaTGTaCaTGTGG
Chr7 	23792987 	22.7 	taTGAGTGAGTGTGTGgaTGAGG
Chr5 	34452076 	22.1 	tGTGtGaGtGTGTGTGtGcGTGG
Chr5 	29367379 	21.3 	tGTGAGTGAGTGTGTGtaTGGGG
Chr14 	98442534 	20.6 	GGTGAGTGtGTGTGTGaGTGTGG
Chr15 	29699015 	20.5 	GGaGAGcGAGTGTGTGCaTtTGG
Chr8 	143890827 	20.4 	GGTGtaTGAGTGTGTGtGTGAGG
Chr3 	10723187 	20.4 	aGcGAGTGAGTGaGTGCaTtGGG
Chr2 	230506241 	19.7 	GGTGAGcaAGTGTGTGtGTGTGG
Chr2 	199628306 	18.9 	tGTGAGTGAGTGTGTGCagaAGG
Chr10 	109378067 	18.0 	GGTGAGTGAGTGaGTGaGTGAGG
Chr18 	43287997 	17.9 	tGaGAGTGAGTGTGTGtaTaTGG
Chr2 	183092036 	17.7 	GaTGtGTGAGTGTGTGCcTGTGG
Chr15 	92864212 	16.8 	tGTGAGTGAGTGTGTGtGTGTGA
Chr5 	115434676 	16.2 	tGTGgGTGAGTGTGTGCGTGAGG
Chr9 	18733635 	15.6 	aGcGAGTGAGTGTGTGtGTGGGG
Chr17 	79111961 	15.3 	GGTaAGTGtGTGTGTGCaTGTGG
Chr3 	10403702 	15.1 	caTGAGTGgGTGTGTGCaTtGGG
Chr8 	48997806 	14.7 	GtaGAGTGAGTGTGTGtGTGTGG
Chr20 	21927847 	14.5 	GaaGAaTGAGTGTGTGCtTGTGG
Chr10 	87387984 	14.2 	GGTGtGTGAGTGTGTGCaTGTTG
Chr10 	1684972 	14.1 	tGTGAGTGgGTGTGTGaGTGAGG
Chr11 	7625795 	13.5 	GGTGAGTagGTGTGTGtGTGGGG
Chr18 	75912617 	13.4 	GGaGAGTGtGTGTGTGaGTGTGG
Chr6 	24224744 	13.0 	GGTGAGcGtGTGTGTGCaTGTGG
Chr2 	18696225 	13.0 	aGTGAGaaAGTGTGTGCaTGCGG
Chr1 	203434970 	12.9 	caTaAGTGAGTGTGTGCGaGTGG
Chr10 	130228354 	12.8 	aGgGAGTGAcTGTGTGCGTGTGG
Chr1 	152925734 	12.4 	tGTGAGTGtGTGTGTGCaTcTGG
Chr3 	14430297 	12.4 	GGTGAagtgGTGTGTGCcTGTGG
Chr1 	116485644 	12.4 	aaTGAGTGAGTGTGTGaGTGAAG
Chr6 	144458291 	12.3 	aGgGAGTGAGTGTGaGaGTGCGG
Chr1 	32738764 	12.0 	GGgGtGaGtGTGTGTGtGgGGGG
Chr8 	145090503 	12.0 	tGTGAGTGAaTGTGTGCaTaTGG
Chr21 	26653015 	11.9 	GGTGtGTGtGTGTGTGCaTGTGG
Chr22 	49740001 	11.9 	GGTGtGTGAGTGTGTGtGTGTGG
Chr19 	47732492 	11.6 	ctgGAGTGAGTGTGTGtGTGTGG
Chr1 	181204797 	11.6 	GGaGAGTGAGTGTGTttGTGTGG
Chr16 	49384711 	11.4 	tGTGtaTGAGTGTGTGCGTtGGG
Chr17 	47051410 	11.4 	aaTGgGTGAGTGTGTGgGTGGGG
Chr15 	71796660 	11.3 	aaTGAaTGAaTGTGTGCaTGTGG
Chr7 	158305228 	11.3 	tGTGtGTGAGTGTGTGCaTGTGG
Chr1 	47690894 	11.1 	tGTGAGaGAGaGTGTGCGTGTGG
Chr8 	128556646 	10.9 	tGTGAGTatGTGTGTGCaTGTGG
Chr6 	1587476 	10.8 	tGTGcaTGAGgGTGTGtGTtGGG
Chr2 	74655959 	10.7 	GGTaAGTatGTGTGTGCaTGGGG
Chr7 	51294279 	10.6 	aGTGAGTaAGTGaGTGaGTGAGG
Chr2 	10373473 	10.6 	tGTGAGTGAaTGaGTGCaTGTGG
Chr11 	63366342 	10.6 	aGTGAGTatGTGTGTGaGgGTGG
Chr21 	44179977 	10.5 	tGTGAGTGgGTGTGTGCaTGTGG
Chr4 	168168030 	10.4 	GGTGtGTGtGTGTGTGtGTGTGG
Chr19 	16569487 	10.4 	tGTGtGaGtGaGTGTGtGTGTGG
Chr16 	87047314 	10.4 	aGTGAaTGAGTGaGTGaGTGAGG
Chr3 	193993884 	10.4 	aGTGAaTGAGTGTGTGtGTGTGG
Chr8 	92645411 	10.3 	GaTGtGTGAGTGTGTaCaTGAGG
Chr11 	78871125 	10.3 	aaTGAGTGAGTGaGTGCaTGGAG
Chr17 	64940809 	10.3 	aGTGAaTGAGgcTGTGCtTcGGG
ChrX 	56327306 	10.1 	tGTGAGTGtGTGTGTGCaTGTGG
Chr22 	43939297 	10.1 	GGTGAGaGAGTGTGTGCacGGGG
Chr4 	154005628 	10.0 	tGTGAGTGtGTGTGTGCaTGCAG
Chr21 	43375271 	9.8 	GtgatGTGAGcGTGTGtGTGTGG
Chr16 	46642109 	9.8 	aGaGAGTGAGTGaGTGaGTGTGG
Chr3 	55318919 	9.8 	aGTGAGTGAaTGaGTGCaTaGTG
Chr3 	10207131 	9.7 	GGTGtGTGtGTGTGTGtGTGTGG
Chr11 	68851139 	9.6 	GGTGAGTGAGTGcGTGCGgGTGG
Chr1 	212639778 	9.6 	GGgGAaTGAGTGTGTGCaTGGAG
Chr3 	43415188 	9.5 	tcaGAaTGAGTGTGTGCcTGGGG
Chr8 	140710487 	9.2 	GGgagGTGAGTGcaTGCGTGTGG
Chr12 	133361327 	9.1 	GGgGtGTGAGcaTGTGCGTGTGG
Chr17 	74046702 	8.9 	cGTGAGTGAGTGTGTGgtTGGGG
Chr18 	6130265 	8.9 	tGTGAGTGAaTGTGTGtGTGTGG
Chr14 	106029032 	8.8 	GGTGAGTGAGTGTGTGtGTGAGG
Chr19 	47787100 	8.7 	GaTGAGTGtGTcTGTGCaTGAGG
Chr3 	1831002 	8.7 	acTGAGTGgGTGTGTGCcTGAGG
Chr14 	62078773 	8.6 	tGTGAGTaAGTGTGTGtGTGTGG
Chr1 	48691305 	8.6 	aGTGtGTGAGaGTGTGCaTGTGG
Chr19 	40561867 	8.4 	acTGtGTGAGTGTGTGCGTGAGG
Chr20 	39096994 	8.3 	tGTatGTGAGTGTGTGCGTGTGG
Chr10 	45209678 	8.3 	aGgtAGTGAGTGTGTGCaTGGGT
Chr14 	76750082 	8.0 	tGTGAGTGcGTGTcTGtGTGTGG
Chr16 	84532 	8.0 	taTGAGTGtGTGTGTGaGTGTGG
Chr19 	6660674 	7.9 	tGTGAGTGAGTGaGTGaaTGTGG
Chr22 	29329724 	7.9 	aGTGtGTGtGTGTGTGtGTGGGG
Chr4 	5844313 	7.8 	tGTGAGaGAGTGTGTGaGTGTGG
Chr1 	22117219 	7.8 	aGTGAtgGAGTGTGTGCcTGTGG
Chr12 	5100948 	7.8 	tGcatGTGAGTGTGTGtGcGTGG
Chr11 	115758116 	7.7 	aGaGAGTGtGTGTGTGCtTGGGG
Chr18 	73286082 	7.6 	caTGAGTGgGTGTGTGCGTGGAG
Chr1 	236264583 	7.6 	taTGAGTGtGTGTGTGaaTGTGG
Chr6 	101025624 	7.3 	aGaGAGTGtGTGTGTGtGTGTGG
Chr7 	101077901 	7.2 	tGTGAGTGAGTGTGTtgGTGAGG
ChrX 	38624688 	7.1 	taTGAGTGtaTGTGTGCaTaGGG
Chr5 	22787253 	7.1 	GGTGtGTGtGTGTGTGtGTGTGG
Chr17 	66592348 	7.1 	GGTGtGTGtGTGTGTGtGTGTGG
Chr10 	5749657 	7.1 	aGTGAGTatGTGTGTGtGTGGGG
Chr2 	217617270 	7.1 	aGgGAGTGAGTGTGTaaGTGTGG
Chr7 	20263523 	7.0 	tGTGAGTGtaTGTGTGtGTGTGG
Chr9 	96679964 	7.0 	tGTGAGTGtGTGTGTGCaTGTGA
Chr3 	30904559 	7.0 	aGaGAGTGAGTGTGTGaGTGTGA
Chr4 	62067619 	6.9 	GaTGAGTGtGTGTGTGtGTGAGG
Chr17 	72614843 	6.9 	GGgtgagGAagGTGTGCGTGGTG
Chr13 	30280840 	6.9 	GaTaAGTGAGTaTGTGtGTGTGG
Chr20 	62468987 	6.8 	aGTGAGTGAGTGaGTGaaTGAGG
Chr11 	83585151 	6.8 	aGaGAGaGAGTGTGTGCGTGTGA
Chr14 	74353497 	6.8 	aGcGAGTGgGTGTGTGCGTGGGG
Chr3 	150919004 	6.7 	aGaGAGaGAGTGTGTGCacGTGG
Chr3 	38182513 	6.6 	tGTGAGTGAaTGTGTGCcaGGGG
Chr16 	23981202 	6.6 	GGTGtGTGtGTGTGTaCGTGGGG
Chr11 	12159168 	6.6 	tGTGtGaGtGTGTGTGtGgGGGG
Chr12 	113240368 	6.6 	tGTGcGTGAGTGTGTGtaTGTGG
Chr12 	57612417 	6.6 	ctTGAGTGAGaGTGaGCGTGAGG
Chr3 	80057064 	6.6 	GGTGtGTGtGTGTGTGtGTGTGG
Chr10 	107867379 	6.6 	aGaGAGTGAGTGTGTGtGTtGGG
Chr21 	39875948 	6.5 	aGTGtGTGAGTGTGTGtaTGAGG
Chr10 	105307473 	6.5 	tGaGtGTGAGTGTGTGCGTGGGG
Chr2 	126931490 	6.5 	tGTGtGTGAGTGTGTGtGTGTGG
Chr9 	23824554 	6.4 	tGTGgGTGAGTGTGTGCGTGAGA
Chr1 	48305038 	6.4 	tGTGgGTGAGTGTGTGtGTGTGG
Chr22 	33161120 	6.2 	aGcGAGaGAGTGTGTGaGTGTGG
Chr10 	130236827 	6.2 	GGTGtGTGtGTGTGTGCGTGCGG
Chr8 	54584099 	6.2 	GGTGtGTGtGTGTGTGtGTGTGG
Chr1 	59847610 	6.1 	acaGAGTGAGTGTaTGtGTGGGG
Chr3 	58727139 	6.1 	tGgtgaTGAGTGTGTGtGTGTGG
Chr2 	765652 	6.1 	taTGAaTGtGTGTGTGCaTGTGG
Chr18 	50274481 	6.1 	GGTGtGTGAGTGaGTGaGTGCGG
Chr11 	41554134 	6.0 	GGTGtGTGtGTGTGTGtGTGTGG
Chr5 	21934229 	6.0 	tGTGtGTGAGTGTGTGtGTGTGG
Chr1 	208239410 	6.0 	tGTGtGaGtGaGTGTGtGTGTGG
Chr5 	150224721 	6.0 	aGTGAGaGtGTGTGTGtGgGGGG
Chr10 	99685339 	5.9 	tGaGAGTGAGTGTGaGaGTGGGG
Chr6 	89076647 	5.9 	tGTGAGTGtGTaTGTGtGTGGGG
Chr12 	592739 	5.9 	GGTGtagtgGTGTGTGCcTGTGG
Chr13 	90418142 	5.8 	tGTGtGTGtGaGTGTGtGTaTGG
Chr11 	40324874 	5.8 	tGTGtGTGAGTGTGTGCaTGTGA
Chr18 	23286405 	5.8 	cGTGAGTGtGTGTaTGCGTGTGG
Chr4 	7430877 	5.8 	caTGcGTGAGTGTGTGCaTGGGG
Chr12 	114752937 	5.8 	tGTGAGTGAGTGTGTGCaTGTGA
Chr17 	1178800 	5.7 	aGTGtGTGAGTGTGTGtGTGAGG
Chr3 	194073652 	5.7 	acTGAGTGAGTGTGaGtGTGAGG
Chr14 	84459815 	5.7 	GGgtgagatGTGTGTGCaTGTGG
Chr20 	25612568 	5.7 	GGTGtagtgGTGTGTGCcTGTGG
Chr15 	85046541 	5.7 	tGTGtGTGAGTGTGTGCaTGTGG
Chr3 	169379105 	5.6 	aGaGAGaGAGaGTGTGtGTGTGG
Chr2 	238409544 	5.6 	GaaGAGTaAGTGTGTGtGTGGGG
Chr2 	236425371 	5.6 	aGTGgaTGAGTGaGTGCaTGCGG
Chr11 	8794152 	5.6 	GtaGAGTGAGTGTGaGaGTGTGG
ChrX 	42430834 	5.6 	aGTGAGTGAGTGTGaGCGTGAAG
Chr2 	121087513 	5.6 	aGaGtGTGAGTGTGTGtGTGGGG
Chr16 	86214365 	5.5 	GGgGtGTGAGTGTGgtgcgtGTG
Chr6 	43737471 	5.5 	GGTGAGTGAGTGTGTGCGTGTGG
Chr1 	238722563 	5.4 	GGTGtGTGtGTGTGTGCGTGTGG
Chr17 	78954441 	5.4 	tGTGAGTGAGTGTGTGtGTGTGA
Chr8 	20109735 	5.4 	aGTGtGTaAGTGTGTGaGTGGGG
Chr7 	23276732 	5.4 	aGTGAGTGtGTGTGTGtGTtGGG
Chr2 	124275984 	5.4 	aGTGAaTGtGTGTGTGCaTGTGG
Chr11 	131931836 	5.4 	tGTGAGTGcGTGTGTGtGTGTGG
Chr5 	139122257 	5.3 	tGTGAGTGcGTGTGTGaGTGTGG
Chr5 	155118304 	5.3 	tGTGAGaGAGTGTGTGCaTGTGA
Chr5 	159012346 	5.3 	tGTGtGTGAGTGTGTGtaTGTGG
Chr11 	78932523 	5.3 	GGTGAGTttGTGTGTGgGTGTGG
Chr13 	60101377 	5.2 	GGTaAaTGAGTGTGaGgcatGGG
Chr1 	18868939 	5.2 	GGaGtGTGAGTGTGTGaGTGCGG
Chr5 	178746539 	5.2 	tGTGAGTGAGTGcaTGtGTGTGG
Chr6 	129056545 	5.1 	tGTGtGTGAGTGTGTGtGTGTGG
ChrX 	99664994 	5.1 	GaaGAGTGAGTGTGTGgtgtGGG
Chr11 	61485469 	5.1 	GcaGAGTGAGTGTGTGtGTtGGG
Chr4 	187327499 	5.0 	caTGAGTGtGTGTGTGaGTGTGG
Chr9 	95974277 	5.0 	tGTGAaTGAGTGcGTGaaTGGGG
Chr13 	91706956 	5.0 	aGTGtGTGAGTGTGTGaGTGAGG
Chr2 	73317050 	4.9 	GGTGAGTcAGTGTGTGaGTGAGG
Chr12 	6937056 	4.9 	GGTGgaTGAGTGTGTGtGTGGGG
Chr5 	132802864 	4.9 	tGaGAGTGAGTGTaTGaGTGTGG
Chr1 	229141145 	4.9 	tGTGtGTGAGTGTGTaCaTGAGG
Chr2 	123052110 	4.8 	GGTattTGAGTGTGTaCaTGTGG
Chr2 	171597348 	4.8 	acTGAcTGAGTGTGaGCaTGTGG
Chr5 	56989649 	4.8 	aaTGAGTGtGTGTGTGtaTGGGG
Chr7 	117741100 	4.8 	GGTGtGTGtGTGTGTGCGTGTGG
Chr1 	207097588 	4.8 	GtaGAGTGtGTGaGTGtGTGGCG
Chr10 	28251664 	4.7 	GaTGAGTGtGcGTGTGCaTGAGG
Chr11 	74904632 	4.7 	accagGTGAGTGTGTGCGTGGGC
Chr14 	28518304 	4.6 	tGTGAGTatGTGTGTGtGTGTGG
Chr10 	95051225 	4.6 	ccTGAGcGAGTaTGTGCaTGTGG
Chr1 	181557204 	4.6 	GGaGAGTGAGTGTGTGCaTGTGC
Chr10 	120245284 	4.6 	GGTGtGTGAaTGTGTGtGTGTGG
Chr7 	87667089 	4.5 	aGaaAGTGAGTGTGTGtaTaAGG
Chr3 	155092668 	4.5 	aGTGcaTGAGTGTGTatGTGAGG
Chr12 	31106567 	4.4 	GcTGAGTGtGTGTGTGCGTGTAG
Chr20 	2780911 	4.4 	GGTGAGTGAGcGaagGaGTaGGG
Chr8 	107510883 	4.3 	tGTGAGTGtGTGTGTGaGTGTGG
Chr2 	81220097 	4.3 	tGTGAGTGtaTGTGTGtGTGTGG
Chr20 	36039815 	4.3 	taTGAGTGtGTGTGTGCacGTGG
Chr1 	4770493 	4.3 	tGgGtGTGAGTGTGTGCGTGTGG
Chr14 	102953779 	4.3 	tGTGAGTGtGTGTGTGCGTGCGC
Chr5 	23562308 	4.2 	aGaGAGaGAGTGTGTGtGTGTGG
Chr11 	62781473 	4.2 	caTGAGTGAcTGTGTGtGTGTGG
Chr21 	30993730 	4.1 	GGTGtGTGtGTGTGTGtGTGGGG
Chr19 	56497640 	4.1 	tGTGAGTGtGaGTGTGtGTtGGG
Chr15 	37202049 	4.1 	tGTGtGTGgGgGTGgGgGTGGGG
Chr19 	41713254 	4.1 	aGTGAGTGtGTaTGTGtGTGTGG
Chr3 	184590078 	4.0 	aaTGAGTGtGTaTGTGtGTGTGG
Chr13 	101257208 	4.0 	ttTGAGTGtGTGTGTGCaTGAGG
Chr11 	133611177 	4.0 	tGcGtGTGAGTGTGTGCGTaGGT
Chr10 	99306651 	4.0 	aGaGAGaGAGTGTGTGtGTGAGG
Chr10 	61044507 	4.0 	GGgGtaaGgGTGTGTGtGTGTGG
Chr17 	10029642 	3.9 	tGTGtGTGAGcGTGTGtGTGTGG
Chr5 	149501694 	3.9 	GaTGAGTGAGTGTGTGaGTGAGA
Chr2 	174931405 	3.9 	GGTGtGaGAGTGTGTGCGgaGGC
Chr4 	168057437 	3.9 	tGTGtGTGAGTGTGTGtGTGTGG
Chr2 	88996016 	3.9 	GaTGAGTttGTGTGTGtGTGGGG
Chr11 	44999873 	3.9 	tGTGAGaGAaTGTGTGCGTGTGA
Chr8 	135523492 	3.9 	tGaGAGTGAGaGTGTGtGTGGGG
Chr19 	40596585 	3.9 	GGactGTGAGTGTGTGCGTGAGG
Chr18 	60759565 	3.8 	tGTGAGTGgGTGTGTGtGTGTGG
Chr19 	48782757 	3.8 	tGTGAGTGtGTGTGTGgGTGGGG
ChrX 	41726218 	3.8 	GGTGAGTGAGTGaGTGaGTGAGG
Chr11 	1004348 	3.8 	GGTGtagtgGTGTGTGCcTGTGG
ChrX 	105614415 	3.8 	aGTGAaTGAGTGTGTGCaTGTGA
Chr7 	77128126 	3.7 	tGTGtaTGAGTGTGTGtaTGCGG
Chr2 	16837556 	3.7 	tGTGAGTGgGTGTGTGgGTGTGG
Chr8 	121823447 	3.7 	tGaGtGTGAGTGTGaGCGTGCGG
Chr7 	31100113 	3.7 	tGTGAagGAGTGTGTGtGTGTGG
Chr16 	88218507 	3.7 	atTGtGTGAGTGTGTGCaTGTGG
Chr4 	7132480 	3.6 	tGTGgGTGtGgaTGTGtGTGTGG
Chr12 	129149692 	3.6 	taTGtGTGAGTGTGTGCaTaTGG
Chr4 	183729842 	3.6 	tGTGgGTGgGTGTGTGCGTGTGG
Chr10 	98760588 	3.6 	GtTGAGTGAaTGTGTGCGTGAGG
Chr3 	172121469 	3.6 	GGgaAGgGAGTGTGTGCaTGGGG
Chr2 	4734730 	3.6 	GGgGAaTGAGTGTGTatGTGAGG
Chr5 	31640966 	3.5 	aGTGAGTGtGTGTGTtgcgGGGG
Chr10 	107228008 	3.5 	GGTGtGTGtGTGTGTGtGTGTGG
Chr16 	23869051 	3.4 	aGaGAGTGtGTGTGTGtGTGTGG
Chr19 	54524100 	3.4 	tGaGtGTGtGTGTGTGCGTGTGG
Chr5 	134817941 	3.4 	caTGAGTGtGTGTGTGCtTGTGG
Chr17 	50130332 	3.4 	GtgagtgatGTGTGTGtGTGTGG
Chr11 	75330150 	3.3 	tGTGtGTGAGTGTGTGCaTGAGG
Chr13 	110882529 	3.3 	tGTGtGTGAGTGTGTGCccGTGG
Chr5 	84905674 	3.3 	tGTGtGTGAGTGTGaGtGTGTGG
Chr8 	9768212 	3.3 	aGaGAGaGAGTGTGTGtGTGTGG
Chr12 	124763151 	3.2 	tGTGAGTGtGTGTGTaCcTGGGG
Chr6 	43905520 	3.2 	GGTGtagGAGTGTGTGtGTGGGG
Chr20 	31382040 	3.1 	GGTGAGgtgGTGTGTGCcTGTGG
Chr16 	73585926 	3.1 	aaTGAGTGAGTGTGTGtGTGTGA
Chr11 	69518904 	3.1 	GGgGtGTGAGTGgGTGtGTGCGG
Chr12 	131196667 	3.1 	GGTGgGTGAGTGaGTGaGTGAGG
Chr4 	158621598 	3.1 	aGTGtaTGAGTGTtTGCaTGGGG
Chr7 	134234248 	3.1 	aGTGAGTGAGTGaGTGaaTGTGG
ChrX 	30439128 	3.0 	tGTGAGTGtGTGTGTGtaTGTGG
Chr5 	73855632 	3.0 	GGTGtGTGAGaGTGTGtaTGTGG
Chr5 	146520400 	3.0 	GGTGtGTGgGTGTGTGtGTGGGG
Chr12 	125156261 	3.0 	GaTGAGTGtGTGTGTGtGTGCGG
Chr15 	80907957 	3.0 	tGTGAGTGtGTaTGTGtGTGTGG
Chr14 	78443706 	3.0 	tGTGtGTGtGTGTGTGtGTGTGG
Chr1 	18837923 	3.0 	GGTGtGTGtGTGTGTGtGTGTGG
Chr1 	35189392 	3.0 	tGTGtGTGAGTGTGTGtGTGGGG
Chr18 	6110703 	3.0 	aGgatGTGAGTGTGTGCaTGTGG
Chr12 	33270686 	2.9 	GGaGAaTagGTGTGTGCGTGGGG
Chr8 	141037928 	2.9 	aGTGAGTGtGTGTGTGaagGAGG
Chr16 	26809933 	2.9 	GaTGAGTaAGTGTcTGaGTGGGG
Chr8 	21494840 	2.9 	tGTGAGTGtGTGTaTGCGTGTGA
Chr7 	121687676 	2.9 	tGTGtGTGAGTGTGTGtGTGTGG
Chr9 	29602720 	2.9 	GGgGtGTGtGTGTGTGtGTGTGG
Chr6 	105265269 	2.9 	aGaGAGaGAGTGTGTGCaaGGGG
Chr10 	43251651 	2.9 	GtaGgGTGgGaGTGTGtGTGTGG
Chr8 	139883090 	2.8 	tGTGAGTGgGTGTGTatGTGAGG
Chr16 	10276764 	2.8 	GGcGAGTGtGTGTGTGaGTGTGG
Chr14 	90885641 	2.8 	GaTGtGTGtGTGTGTGCGTGTGG
Chr6 	33999846 	2.8 	tGTtAGTGAGTGTGTGCagGTGG
ChrX 	39606149 	2.8 	GaTGAGcGAGTGTGTGtGTaTGG
Chr17 	6891149 	2.7 	GGTGAaaGAGTaTGTGtGTGTGG
Chr2 	240564198 	2.7 	GGTGtGTatGTGTGgGgGTGTGG
Chr1 	3325807 	2.7 	GGTGtGaGAGTGTGTGaGTGGGG
Chr12 	2469347 	2.7 	GGgGtGTGtGTGTGTGtGTGTGG
Chr6 	24574540 	2.7 	GGTGtagtgGTGTGTGCcTGTGG
Chr1 	175049116 	2.7 	tGTGAGTGtGTGTGTGtGTGTGG
Chr3 	3697106 	2.7 	GGTGtGTGtGTGTGTGtGTGTGG
Chr7 	39341125 	2.6 	GGTGtGTGAGTGTGTGtGTGTGA
Chr20 	23960933 	2.6 	GGTatGTGAGTGTGaGtGTGGGG
Chr19 	54375904 	2.6 	GGTGtGgtgGTGTGTGCGTGTGG
Chr7 	31353825 	2.6 	ccaGAaTGAGTGTGTGtGTGTGG
Chr3 	79455732 	2.6 	tGTGtGTGAGTaTGTGtGTGTGG
Chr2 	126515435 	2.6 	tGTGAGTGAaTaTGTGtaTGTGG
Chr4 	82574191 	2.6 	GGTatGTGAGTGTGTGtaTaTGG
Chr1 	3002774 	2.5 	GGTGAGctcGTGaGTGCGTGAGG
Chr17 	43132890 	2.5 	aagtgagGAGTGTGTGCcTGTGG
Chr18 	74103175 	2.5 	GGTGAGTaAGTGTGaGCGTaAGG
Chr 	Position 	DNA cleavage Score 	DNA seq at a cleavage sites
Chr11 	62365273 	77.2 	GAaTCCaAGCAGAAGAAGAgAAG
Chr19 	1438827 	59.7 	GAagtaGAGCAGAAGAAGAAGCG
Chr2 	73160999 	58.9 	GAGTCCGAGCAGAAGAAGAAGGG
Chr1 	234492864 	49.5 	GAagtaGAGCAGAAGAAGAAGCG
Chr2 	172374203 	40.3 	GAagtaGAGCAGAAGAAGAAGCG
Chr2 	219845073 	38.3 	GAGgCCGAGCAGAAGAAagACGG
Chr1 	23720618 	37.5 	aAGTCCGAGgAGAgGAAGAAAGG
Chr12 	106646091 	29.5 	aAGTCCatGCAGAAGAgGAAGGG
Chr15 	44109764 	28.4 	GAGTCtaAGCAGAAGAAGAAGAG
Chr8 	128801260 	27.9 	GAGTCCtAGCAGgAGAAGAAGAG
Chr15 	22366622 	23.3 	GgagtaGAGCAGAgGAAGAAGGG
Chr9 	127309505 	22.3 	aAGcCCaAGCAaAtGAAGAATGG
Chr11 	43747949 	21.7 	aAGcCCGAGCAaAgGAAGAAAGG
Chr5 	9227163 	21.3 	aAGTCtGAGCAcAAGAAGAATGG
Chr10 	128080196 	19.6 	GAGTaCaAGCAGAtGAAaAACGG
Chr1 	33606480 	19.2 	GAGcCtGAGCAGAAGgAGAAGGG
Chr3 	34042974 	17.8 	GAGTtCaAGCAGAgaAgaAAGGG
Chr21 	24667742 	16.7 	cccTCCaAGCAGAAGAAGAtGAG
Chr14 	38654666 	16.5 	aAGTCtGAGaAGAAGAAGAcATG
Chr5 	45359067 	16.3 	GAGTtaGAGCAGAAGAAGAAAGG
Chr18 	68861321 	16.0 	agagtaGAaCAGAAGAAGgAAAG
Chr4 	87256692 	15.9 	GAGTaaGAGaAGAAGAAGAAGGG
Chr10 	58848729 	15.7 	GAGcaCGAGCAagAGAAGAAGGG
Chr8 	74634212 	15.5 	aAGTCCaAaaAGAAGAAaAAAGG
Chr19 	24250503 	14.7 	GAGTCCaAGCAGtAGAgGAAGGG
Chr8 	105164126 	14.3 	GAGcCCaAGaAGAAGAAGAAGGA
Chr14 	43156807 	14.1 	GAGgCCaAGCAGAAaAAaAATGG
Chr11 	30301809 	14.0 	cAGTCtGAGtAGAAGAAaAAGGG
Chr4 	58838593 	13.8 	aAGTCCcAGaAGAAGAAatATGG
Chr15 	65614525 	13.6 	GAGaggGAGCAGggagAagAAGG
ChrX 	149010707 	13.5 	GgagtCaAGgAGAAGAAGAAGAG
Chr7 	111475449 	13.0 	GAGcCCaAGCAcAAaAAGAATGG
Chr14 	48932120 	12.9 	GAGTCCcAGCAaAAGAAGAAAAG
Chr10 	91416162 	12.8 	atGTCCaAGCAGAAGAAGtcTGG
Chr12 	102743729 	12.2 	tAGTCaGAGCAGAtGAAGgAAAG
Chr3 	95690186 	11.8 	tcaTCCaAGCAGAAGAAGAAGAG
Chr3 	16077518 	11.7 	GAGgCaGAGagaAAGAAGAAAGG
Chr12 	73504675 	10.6 	GAGTtaGAGCAGAAaAAaAATGG
Chr6 	9118799 	10.4 	acGTCtGAGCAGAAGAAGAATGG
Chr5 	141129457 	10.4 	aAGTCacAGgAGcAGAAagAAGA
Chr7 	31901077 	10.3 	GAGgCCaAGCAGAAagAaAAAGG
Chr1 	209931600 	10.3 	ttaTCCGAGaAGAAGAAGtAAGG
Chr6 	106901799 	10.2 	GAGcCgGAGCAGggagAagAAGG
Chr22 	34858917 	10.2 	GAGcCtGAGCAGgAagAagAAGA
Chr6 	29806752 	10.2 	tgtcCaagGCAGgAGAAGAAGGG
Chr15 	36839471 	10.0 	cAGagaGAGgAGcAGAAaAAAGA
Chr5 	134375867 	9.6 	cAGgCtGAGCAGAAagAagAAAG
Chr2 	199919487 	9.6 	GAGTCaGAGCAGAActAGAAGGG
Chr20 	6653999 	9.6 	aAGTCCagaCAGAAGAAGAAGGA
Chr8 	135098073 	9.5 	cAGTCCagcagGAAGAAGAgAGG
Chr11 	131106371 	9.0 	GccTCCaAGCAGAAGgAGAAATG
Chr9 	2513258 	9.0 	GAGagaGAGCAaAAGgAagAATG
Chr17 	72057114 	9.0 	GAGgagagcagaAAGAAGAAGGG
Chr16 	56184077 	8.9 	aAGTCaGAGaAGgAagAagAAAG
Chr5 	146833190 	8.9 	GAGcCgGAGCAGAAGAAGgAGGG
Chr5 	120294736 	8.8 	atGTCCaAGCAcAAGAgGAATGG
Chr1 	113741471 	8.7 	GAGgtaGAGCAGAAGAAGAAGCG
ChrX 	38971206 	8.7 	GAGTCCcAGaAGAAGAAagAAAG
Chr4 	2181662 	8.6 	cctctCGAGCAaAAGgAagAAGG
Chr14 	75723908 	7.8 	agtTCCaAGCAGAgGAAGAAGGG
Chr4 	155734338 	7.7 	tgcTttGAGCAGAAagAagAAAG
Chr4 	122686219 	7.7 	aAGTaaGAagAGcAGgAagAAGA
Chr12 	4927416 	7.5 	tAGTCCtAGCAagAatAagAATG
Chr3 	5031614 	7.4 	GAaTCCaAGCAGgAGAAGAAGGA
Chr2 	106719739 	7.3 	tAaTgaGAGCAGAAagAagAATG
Chr7 	142597224 	7.3 	GAcagaGAagAGAAGAAGgAAGA
Chr1 	27913391 	7.2 	agGTCaGAGCAGAAGAAaAgAGG
Chr7 	73602675 	7.2 	GcaaagagcagGAAGAAGAAGGG
Chr18 	34906762 	7.1 	GAGcCtGAGCgGAAGAgGAAAGG
Chr2 	45607957 	7.0 	tAaTCCcAGagcAgGAAGAAGAA
Chr18 	1677040 	6.9 	agtcCaGAGCAaAAtAAGAAGGG
Chr4 	44622977 	6.9 	aAGTCtGAGaAGAAGAAGAAAGA
Chr12 	2873991 	6.9 	GctaaaGAGCAGAAGgAagAAGG
Chr2 	239393515 	6.8 	cAGTaCGAGCAGAgGAAGgAAGA
Chr8 	102244552 	6.6 	agtTCCaAGCAGAAGAAGcATGG
Chr2 	66582071 	6.6 	atGgCaGAGCAGAAagAagAAAG
Chr11 	69660352 	6.3 	cAGTCCatGCAGAgGgAagAAGG
Chr11 	130764292 	6.3 	GcaTtaGAGCAGAAGgAagAAGG
Chr1 	231750743 	6.2 	GAGTCaGAGCAaAAGAAGtAGTG
Chr6 	36604882 	6.1 	GgcagaGAGCAGAAGgAagAAAG
Chr15 	61646878 	6.0 	aAGTCaGAGgAGAAGAAGAAGGG
Chr7 	141972562 	5.9 	aAGTCCGgGCAaAAGAgGAAAGG
Chr12 	111418051 	5.9 	GAGaggGAGCAaAAGAAGgAAGG
Chr9 	72899757 	5.8 	cAGaatGAGCAGgAagAagAACA
Chr17 	8640231 	5.7 	GAGaCtGAGaAGAAGAAGAAAGG
Chr1 	84869216 	5.7 	GAGTCaGctgAGcAGAAGgAAGA
Chr4 	41187173 	5.7 	GAaggaGAGCAGAAagAagAAAG
Chr9 	130107853 	5.4 	GttTgaGAGCAGAAGgAagAAGA
Chr11 	118816273 	5.3 	attTCCaAGCAGAgagAagAATG
Chr8 	72482455 	5.3 	GAGTCCGAGaAGAAGAAagAAAA
Chr1 	221522625 	5.1 	GAGTttGAGtAGAAGAAGAAGAG
Chr21 	37132446 	4.9 	tgGcCaGAGCAGAAGgAagAAGG
Chr2 	217972073 	4.9 	tgtcCgagGCAGtAGAAagAACG
Chr5 	35927682 	4.8 	aAGcCCGAGCtagAagAaAtAGG
Chr3 	157623637 	4.7 	aAGgggagcagGAAGAAGAAAGG
Chr20 	14924870 	4.6 	aAGaagGAGCAGgAagAagAAAG
Chr4 	48639408 	4.4 	cAcTCCaAGtAGAAGAAGAAAAG
Chr9 	91487902 	4.4 	GAGgCaGAGagaAgaAAGAAGGG
Chr2 	105425353 	4.3 	agaTCCaAaCAGAAGgAagAATG
Chr7 	100895242 	4.3 	cgcTCCGAGCAGAAGAAaAgTGG
Chr7 	93390477 	4.3 	agtcCtGAGCAGAgGAAGgAATG
Chr1 	179024805 	4.2 	GAGTCCaAGaAGAAGAAGccAGG
Chr17 	54421043 	4.2 	GAGTCCcAGgAGAAGAAGAgAGG
Chr8 	108409228 	4.2 	tgtTgaGAGCAGAAagAagAAAG
Chr15 	68455211 	4.2 	GtccaaagGCAGgAGAAGAAGGG
Chr14 	88550473 	4.2 	GAGggaGAGagcAgGAAGAAGAA
Chr12 	124551806 	4.1 	ttGTtgagcagGAAGAAGAATGG
Chr18 	32722290 	4.1 	tgtcCaGAGCAGAtGAAGAATGG
Chr7 	97319990 	4.1 	GAaTCCaAGCAGAAGAAaAtGGA
Chr7 	3812781 	4.1 	GAGTCCtAGaAaAAGAAGAgAGG
Chr11 	36270410 	3.9 	GAGagaGAGCAGAAGAAGtAGAG
Chr18 	25950253 	3.9 	agGcCtGAGCAGAAGgAagAAGG
Chr15 	100292479 	3.8 	aAGTCCcgGCAGAgGAAGAAGGG
Chr3 	169381222 	3.8 	GAGggaGAGCAaAAGAAGgAAAG
Chr5 	74513307 	3.8 	GtccatagcaAGAAaAAGAAGGG
Chr2 	238373187 	3.8 	agtgCaGAGCAGAAGAAGgAAAG
Chr7 	70109967 	3.7 	GAaTCaGAGCAaAAGgAGAAAGG
Chr6 	110491414 	3.7 	aAGTCaGAGCAGAAaAAGAgAGG
Chr1 	151027598 	3.6 	ttcTCCaAGCAGAAGAAGAAGAG
Chr9 	135663404 	3.6 	cAGTCCaAaCAGAAGAgGAATGG
Chr6 	147955462 	3.5 	tgGcCaGAGCAGAAGgAagAAAG
Chr9 	140936012 	3.4 	GAGTCaaAGCAGAAGAAagAACG
Chr14 	35092801 	3.4 	tAtcCaagcagGAAGAAGcAAGG
Chr17 	73339913 	3.3 	tgcaCgagcagGgAGAAGAAAGG
Chr4 	82567700 	3.3 	tAtTtacAGagcAgGAAGAAGAG
Chr14 	98020018 	3.3 	cAtTCCaAGCAGAAGgAagAGAG
Chr9 	119853407 	3.3 	tAccagGAGCAGgAaAAagAAGG
Chr7 	29268537 	3.2 	GAGcggGAGCAaAAGgAagAATG
Chr3 	9802191 	3.1 	GtacCCaAGCAGAAGgAagAAGG
Chr18 	24570836 	3.1 	cctgaaGAGCAGAAGgAGgAAGG
Chr13 	101018849 	2.8 	GtcTgaGcagAaAgGAAGAAGGG
Chr10 	8337281 	2.8 	GAagtCagaCAGAAGAAGAAGAG
Chr15 	68619369 	2.8 	GAGaaaGAGCAGAAGgAagAAGT
Chr2 	218378108 	2.8 	GAGTCtaAGCAGgAGAAtAAAGG
Chr1 	2744291 	2.8 	GgtcCaGAGagaAAGAAGAAAGG
Chr16 	78848850 	2.7 	aAaTCCaAcCAGAAGAAGAAAGG
Chr10 	5401788 	2.7 	tAaTCCaAtCAGAAGAAGAAGGG
Chr11 	30490142 	2.7 	GAGagaagcagaAAGAAGAAAGG
Chr17 	21133222 	2.7 	GAaTCCcAGCAGAAaggaAgAAA
Chr6 	12210833 	2.6 	atGaatGAGCAGAAGgAGgAAAG
Chr7 	43259054 	2.6 	GAtaCCGAGCtaAAGAAGgAAGG
Chr22 	47725583 	2.6 	GAagagGAGCAGAAGgAGgAAGG
Chr11 	56910170 	2.6 	accTggGAGCAGgAaAAagAAGG
Chr 	Position 	DNA cleavage Score 	DNA seq at a cleavage sites
Chr7 	102131659 	114.4 	GtctcCCCTTCTGCAGCACCAGG
Chr11 	22647338 	88.1 	GGAATCCCTTCTGCAGCACCTGG
Chr10 	73463136 	82.0 	tGAATCCCaTCTcCAGCACCAGG
Chr10 	37953200 	74.1 	GGAgTCCCTcCTaCAGCACCAGG
Chr10 	43410031 	60.2 	GGAgTCCCTcCTaCAGCACCAGG
Chr7 	44076497 	56.5 	GtctcCCCTTCTGCAGCACCAGG
Chr18 	8707528 	47.1 	GGAAcCCCgTCTGCAGCACCAGG
Chr16 	49671025 	43.8 	GGAgTCCCTcCTGCAGCACCTGA
Chr3 	35113165 	40.8 	tGAATCCtaaCTGCAGCACCAGG
Chr7 	102230832 	34.0 	GtctcCCCTTCTGCAGCACCAGG
Chr20 	44903573 	33.8 	tccATCCCTaCTGCcagcaCCAG
Chr11 	66475045 	33.1 	GGAAcaCCTTCTGCAGCtCCAGG
Chr3 	10885901 	31.7 	acccTCCCTTCTGCAGgcaCCGG
Chr10 	3151994 	27.9 	ctctgtCCTTCTGCAGCACCTGG
Chr17 	39675789 	26.8 	GGgAgtCCaTCTGCAGCACCAGG
Chr11 	47554037 	19.3 	GGAATCCCTTCTaCAGCAtCCTG
Chr2 	54853314 	17.4 	GGAATatCTTCTGCAGCcCCAGG
Chr12 	115467808 	17.2 	aGggTCCCTTCTGCAGCcCCTGG
ChrX 	86355180 	16.2 	accATCCCTcCTGCAGCACCAGG
Chr2 	35692938 	13.1 	acttTatCTTCTGCAGCACCTGG
Chr2 	133174786 	11.4 	atccTttCTTCTGCAGCACCTGG
Chr12 	2719895 	10.6 	acAcTCCCTTCTGCAGCACCATG
Chr16 	28615201 	10.0 	GGctTCCCTTCTGCAGCcCCAGG
ChrX 	97566910 	9.8 	tGtATtCCTTCTGCAGgcaCCAG
Chr17 	30452575 	8.9 	cctgctgCTTCTGCAGCACCTGG
Chr9 	113162294 	8.9 	aaAATCCCTTCcGCAGCACCTAG
Chr4 	53092937 	7.1 	aatATtCCcTCTGCAGCACCAGG
Chr3 	97725864 	6.9 	accATttCTTCTGCAGCACCTGG
Chr17 	34985068 	6.8 	GGgtcCgCTTCTGCAGCACCTGG
Chr9 	111467809 	5.3 	aGgAatCCTaCTGCAGCACCCAG
Chr4 	76159966 	4.9 	ttAcTCaCTTCTGCAGgcaCCTG
Chr5 	68338523 	4.7 	ccAcTCCtTTCTGCAGCACCCGG
Chr17 	3980376 	4.6 	GGAAcCCCcTCTGCAGCttCTGG
Chr20 	19790626 	4.2 	cattTtCtTTCTGCAGCACCTGG
Chr17 	78923978 	4.2 	aGAggCCCcTCTGCAGCACCAGG
Chr8 	71384404 	4.0 	tttcctgCTTCTGCAGCACCAGG
Chr17 	39655735 	3.8 	GccccCtCcTCTGCAGCACCTGG
Chr6 	41457565 	3.4 	ctccTCCCTcCTGCAGCACCTGG
Chr13 	109802140 	3.2 	aaAATaCCTTCTGCAGtACCAGG
Chr5 	85696042 	3.1 	ctAcTgaCTTCTGCAGCACCTGG
Chr4 	7336836 	3.0 	aGctcCCaTTCTGCAGCACCCGG
Chr9 	139891539 	3.0 	aGttcCCCaTCTGCAGCACCAGG
Chr10 	13436789 	2.9 	ctcATCCCTTCTGCAGCcCCAGG
Chr2 	176121765 	2.7 	GccccCtgcTCTGCAGCACCCGG
Chr13 	100011450 	2.7 	acctgCCtTctgGCAGCACCAGG
Chr17 	8432606 	2.5 	actgTCatTTCTGCAGCACCTGG
Chr 	Position 	DNA cleavage Score 	DNA seq at a cleavage sites
Chr1 	185056773 	69.6 	GTCATCTTAGTCATTACCTGAGG
Chr12 	131619805 	12.3 	aTCAcCTTAGcCATTACCaGGGG
Chr18 	62061226 	9.8 	aTtATtTTAGTCATTACCTtTGG
Chr8 	99451745 	8.2 	cgtgcaTTAGTCATTACCTGAGG
Chr7 	43967267 	7.0 	acttatTTAGTCATTACCTGTAG
Chr6 	143212079 	6.7 	GTaATaTTAGTCATTACCgGTGG
Chr4 	171989625 	5.9 	taacaCaTAGTCAcTACCTGGTG
Chr8 	5745882 	5.8 	aatATgTTAGTCATTACCTGAGG
Chr4 	189725512 	3.5 	aTgcTtcTtGTCATTACCTtGGG
Chr9 	138721895 	3.2 	acttcagTAGTCATTACCTaGGG
Chr5 	92036966 	3.0 	GgtATCTaAGTCATTACCTGTGG
Chr15 	25135467 	3.5 	catcTaaTAGTaATTACCTGGGG
Chr17 	53928586 	3.2 	GTCATCTTAGTCATTAC-TGAGG
Chr 	Position 	DNA cleavage Score 	DNA seq at a cleavage sites
Chr1 	201992441 	98.3 	GGGAAAGtCCCAGCATCCtTTGG
Chr9 	110103705 	84.0 	GGGAAAGACCCAGCATCCGTGGG
Chr22 	47970525 	77.3 	GGaAAAGACCaAGCATCaGTGGG
Chr8 	21121524 	66.3 	GGGAAgGACCCAGCATCCtgGGG
Chr9 	129621088 	61.9 	GGGAAAtACCCAGCATCCaaTGG
Chr10 	123094947 	31.7 	GGGAAAagCCCAGCATCCcTTGG
Chr10 	86303625 	26.1 	tGGAAAGAaaCAGCATCCGTACG
Chr11 	75956264 	20.4 	ttatAAGACCCAGCATCCGTAAG
Chr12 	5555206 	19.8 	GGagAAagaCCAGCATCCaTAGG
Chr4 	8541711 	11.6 	GGGAAAtcCCCAGCATCtcTAGG
Chr5 	65217522 	8.9 	GGaAAgtACaCAGCATCCaTCGG
Chr1 	3488120 	7.9 	GGGgAAGACCCAGCAcCCtTGGG
Chr13 	31633478 	7.4 	atGAAAGACCCAGCATCCaTTGA
Chr19 	30027761 	3.1 	aGGAttccCCaAGCATCCGTGGG
Chr8 	48879627 	2.8 	GaGAAAagCCCAGCATCCtTAGG
Chr2 	85388185 	2.6 	GGGAAtacaCCAGCATCCGTAGA
Chr 	Position 	DNA cleavage Score 	DNA seq at a cleavage sites
Chr5 	87240614 	48.7 	GAACACAAAGCATAGACTGCGGG
Chr4 	90522184 	37.7 	GAACACAAtGCATAGAtTGCCGG
Chr10 	43159340 	33.6 	aAcacaAAgaCATAGACcaCTGG
Chr1 	40461425 	30.0 	tAcacacAAGCAcAGACTGCAGG
Chr2 	19844956 	25.2 	aActcCAAAGCATAtACTGCTGG
Chr15 	93557679 	24.8 	agAacacAtGCATAGACTGCTAG
Chr11 	128508577 	24.4 	GAAttCAAAGCATAGAtTGCAGG
Chr5 	131174461 	21.2 	aAAtACAAtGCATAGACTGCTAG
Chr19 	30112719 	21.0 	tAcacaAAAcataAGACTGCTGG
Chr20 	97641 	19.2 	GAAttCAAAGCATAGAtTGCAGG
Chr4 	53536210 	18.0 	GAAtACtAAGCATAGACTcCAGG
Chr13 	113428467 	17.1 	cAAtACAAAGgATAGACTGCAGG
Chr18 	22360702 	16.7 	GgAatCAAAGCAcAGACTGCAGG
ChrX 	36949815 	15.5 	GAAaACAAAaCATAGAgTGCTGG
Chr7 	83764327 	11.3 	actatatAAGCATAGACTGtTGG
Chr5 	126385455 	10.7 	ccACACcAAGCATAGACTtCTGG
Chr5 	142142325 	10.7 	tAAacactAaCATAGACTGCAGG
Chr18 	56307003 	8.5 	aAgaACAAAaCATAGACTGCAGG
Chr1 	36097073 	8.5 	GtAaACAAAGCATAGACTGaGGG
Chr3 	81710854 	8.5 	ctcCtaAAgcatTAGACTGCAGG
Chr5 	7625837 	6.4 	GgtacacAAtaATAGACTGCAGG
Chr18 	5596266 	5.9 	cctacagAAGCATAGACTGCAGG
Chr6 	139353018 	5.8 	ccAaACAAAaCATAGACTGCTGG
Chr22 	28895718 	5.1 	attaAgAtAGCATAGACTGCAGG
Chr1 	77190607 	5.1 	tcACACAAAcCATAGACTGaGGG
Chr6 	40925010 	4.7 	aAcaAgtAtGCATAGACTGCTGG
Chr9 	97332609 	3.9 	GtAattAAAGCAcAGACTGCTGG
Chr18 	68431104 	3.6 	tgtgtaAgAGCATAGACTGCTGG
Chr20 	23101380 	3.4 	atACACAgAGCAaAGACTGCAGG
Chr8 	97317605 	3.0 	GAACACAgtaCATAGACTGgCAG
Chr9 	290168 	3.0 	aAACAtAAAGaATAGACTGCAAG
Chr6 	152710071 	3.0 	tActctAtAtCATAGACTGCTGG
Chr4 	31157435 	2.8 	tgAttgAgtGCATAGACTGCTGG
Chr1 	108869935 	2.8 	agtatagcAGCATAGACTGCAGG
Chr15 	65377019 	2.6 	GAgCgatAAGCAcAGACTGCTGG
Chr 	Position 	DNA cleavage Score 	DNA seq at a cleavage sites
Chr15 	79749931 	65.9 	caCCCAGACTGAGCACGTGcTGG
Chr10 	131593121 	49.7 	GagCCAGAaTGAGCACGTGAGGG
Chr1 	47005705 	47.4 	aGCtCAGACTGAGCAaGTGAGGG
Chr7 	66968042 	47.1 	GaCaCAGACcGgGCACGTGAGGG
Chr9 	110184637 	46.5 	GGCCCAGACTGAGCACGTGATGG
Chr11 	134582415 	44.5 	GGCgCAGACaGAGCACGTGACGA
ChrX 	114764149 	27.2 	aGaCCAGACTGAGCAaGaGAGGG
Chr4 	72203005 	23.0 	atatCAGACTGAGCACcgtgAGG
Chr6 	103918240 	23.0 	aaataAGACTGAGCACGTGgTGG
Chr17 	7594610 	23.0 	aGCCagactgagGCAaGTGAGGG
Chr3 	160129761 	18.3 	aGgCCAGACTGAaCACGatgAGG
Chr15 	35402774 	16.3 	cctaaAGACTGAGCAaGTGAAGG
Chr9 	137039236 	15.9 	cagCCAGACaGAGCACGTGgAGG
Chr6 	79958440 	14.7 	aaCaaAGACTGAGCACGTtAGGG
Chr2 	130402896 	10.5 	GaCCCAGAaTGAGCACaaaAGGG
Chr1 	34163192 	10.0 	attCtAGACTGAGCACGTGcAAG
Chr2 	97163211 	9.3 	ccCatgGACTGAGCACaTGAAGG
Chr17 	79043523 	7.2 	tGgCCAGACTGAGCtCGTGAGTG
Chr10 	22896606 	6.5 	GaaggAGACTGAGCAtGTGAGGG
Chr8 	20947876 	5.7 	tctCCAGACTGAGCcCaTGAGGG
Chr19 	19169358 	5.2 	GGaCCAGgCTGAGCACaTGgAGG
Chr6 	112273496 	5.1 	aagCCAGACTGAGCACGTtcAGG
Chr1 	229294224 	4.6 	GGtCatcACTGAGCACGTGAGGT
Chr2 	240026760 	4.3 	GGCtCAGACTGAGCACcTGAGAG
Chr15 	94188821 	4.3 	attCCAGAaTGAGCACaTGAAGG
Chr2 	131090691 	4.1 	acCCaAGACaGAGCACGTGgAGG
Chr11 	60830962 	3.9 	tcCCagaACTaAGCACGTGAATG
Chr14 	102917106 	3.7 	ctCggAGACTGAcCACGTGAGGG
Chr10 	23135503 	3.2 	actCCAGACTGAGCAacTGAGGG
ChrX 	16606309 	3.1 	ttCCCAGACaaAGCACGcGAAGG
Chr14 	78070357 	2.6 	aaCCagactgGAGCACGTGgTGG
Chr 	Position 	DNA cleavage Score 	DNA seq at a cleavage sites
Chr15 	75632142 	79.5 	GcacCTGCGGCTGGAGGTGGCAG
Chr1 	201067378 	65.7 	GGCACTGCtGCTaGAGGTGcAGG
Chr16 	50300347 	64.9 	aGCACTGtGGCTGGgGGaGGGGG
Chr4 	56815199 	64.9 	GGCAaTGCGGCTGGAGGcGGAGG
Chr11 	528949 	64.7 	GGCtCTGCGtCcGGAGGTGaGAG
Chr9 	139522901 	64.5 	GcCACaGCGGCcGGAGGTGGCAG
Chr20 	60895671 	64.3 	GGCACaGCaGCTGGAGGTGcTGG
Chr16 	28266968 	61.8 	GGCtCTtCGGCTGGAGGTaGCGG
Chr15 	41044242 	61.3 	GGCgCTGCGGCgGGAGGTGGAGG
Chr7 	134872032 	59.3 	aGCACTGtGGCTGGgGGaGGCGG
Chr14 	21993455 	58.0 	GGtACaGCGGCTGGgGGaGGCGG
Chr5 	141232854 	57.7 	GGCACTGCGGCaGGgaGgaGGGG
Chr12 	113935461 	57.1 	GGCcCTGCGGCTGGAGaTatGGG
Chr7 	1397399 	56.2 	aGCACTGCaGCTGGgaGTGGAGG
Chr18 	37194558 	55.8 	GGCACTGCGGgTGGAGGcGGGGG
Chr10 	126694875 	55.8 	GGCACgaCGGCTGGAGGTGGGGG
Chr3 	51725452 	54.6 	GGCtCTGtGGCTGGAGGaGGTGG
Chr22 	23284036 	51.7 	GGCcCTGCtGCTGGAGGTGcTGG
Chr15 	80601340 	50.4 	GaCACctCGGCTGGAGGTGcAGG
Chr13 	39262929 	50.3 	aGCAgTGCGGCTaGAGGTGGTGG
Chr19 	33382081 	50.3 	GGCtCTGCGGCTGGAGGgGGTGG
Chr20 	1151854 	49.7 	GGCACTGtGGCTGcAGGTGGAGG
Chr17 	16982386 	49.5 	cagACTGCGGCaGGgGGTGGCGG
Chr7 	139244407 	49.4 	GcCACTGCGaCTGGAGGaGGGGG
Chr7 	54561438 	49.1 	aGgACTGCGGCTGGgGGTGGTGG
Chr1 	32471660 	48.4 	GGCACTtCaGCTGGAGGcaGAGG
Chr19 	1295087 	47.5 	GaCACTGaGGCaGGAGGTGGGGG
Chr20 	31349773 	46.5 	GGCACTGCGGCTGGAGGTGGGGG
Chr1 	171018460 	45.9 	GcCACTGgGGCTGGgGGTGGGGG
Chr10 	52054245 	45.7 	GGCcCTGCtaCTGGgGGTGGTGG
Chr3 	123863990 	45.4 	tGCcCaGCaGCTGGAGGTGaGGG
Chr20 	60080554 	45.3 	aGCACTGCaGaTGGAGGaGGCGG
Chr9 	133039176 	45.2 	GtCACTGCaGCTGGAGGaGGGGG
Chr20 	60010563 	44.9 	tGCACTGCGGCcGGAGGaGGTGG
Chr3 	130508525 	44.8 	GaCACTGtGGCTGGAaGTGGAAG
Chr19 	41220525 	44.0 	GGCAaTGtGGCTGaAGGTGGGGG
Chr22 	35746283 	44.0 	GaCACTagGGCaGGAGGTGGAGG
Chr6 	51500473 	43.4 	GaCACaGtGGCTGGAGGTGtGGG
Chr15 	60790562 	42.6 	GGCACTGCaaCTGGAaGTGaTGG
Chr13 	27629410 	42.3 	GGCACTGgGGtTGGAGGTGGGGG
Chr9 	5020591 	41.7 	tGCACTGCaGCTGcAGGTGGAGG
Chr19 	38616186 	41.6 	GGCACTGaGaCTGGgGGTGGGGG
Chr22 	30130865 	41.3 	GGCtgTGCGGCcaGAGGTGGAGG
Chr8 	144997514 	41.1 	aaCACTGCGGCTGcAGcTGGAGG
Chr10 	45317434 	40.9 	GGCtCTGCaGCTGtAGGaGGAGG
Chr2 	241640854 	40.7 	GGggCTGCGGCcGGAGGTGGTGG
Chr20 	37471343 	40.3 	aGCACTGtGcCTGGgGGTGGGGG
Chr10 	127971444 	40.2 	GGaACTGgGGCTGGgGGTGGGGG
Chr8 	11479079 	39.9 	GGCcCTGCaGCTGGAGaTGGAAG
Chr15 	71686928 	39.7 	tGCtCTGCGGCaGGAGGaGGAGG
Chr12 	54977735 	39.6 	GaCACTGCctCTGGgGGTGGGGG
Chr20 	24376057 	39.4 	GGCACTGaGaCcaGAGGTGGTGG
Chr5 	177676326 	39.3 	GcCACTGtGGCTGGAGGTGGGGA
Chr3 	23651530 	38.8 	GGCACaGCaGgTGGAGGTGGAGG
Chr7 	110143151 	38.7 	GcCACTGCaGCTaGAGGTGGAGG
Chr2 	25348467 	38.4 	GGaACTGtGGCTGGAGGTGGCAG
Chr19 	56125854 	37.6 	GGCcCaGCGGCgGGAGGTGGGGG
Chr10 	1285239 	37.5 	GGCcCTtCGGCTGGAGGTGGCAG
Chr8 	119227146 	37.0 	GGCACaatGGCTGGAGGTGaAGG
Chr20 	45343011 	36.3 	GGCACTGaGGgTGGAGGTGGGGG
Chr5 	3606830 	36.2 	GaCACaaCGGCaGGAGGTGGCGG
Chr10 	126752487 	35.4 	GGCACTGCaGCctGgGGgtGGGG
Chr20 	61810739 	35.2 	GtCACTGCGGCTGcAGaTGGCGG
Chr22 	41620073 	34.6 	GGgcaTGCGGCTGGAaGTGGTGG
Chr8 	20854500 	34.1 	GGCACTGgGGCTGGAGacGGGGG
Chr22 	49132903 	34.0 	aGCACaGCaGCTGcAGGTGGGGG
Chr1 	230193260 	33.7 	GaCtCTGCaGCTGaAGGTGGGGG
Chr11 	118950338 	32.6 	GtCACTGaGGCTGGAGtgGaGGG
Chr20 	22805414 	31.9 	aGCACTGttaCaGGAGGTGGGGG
Chr6 	158452389 	31.8 	aGCtCTGtGGCTGGAGGTGtGAG
Chr19 	46887174 	31.6 	GaggCTGCGGCTGGgGGTGGAGG
Chr22 	43768275 	30.9 	aGCACTGCGctTGGgGGTGGGGG
Chr15 	34081546 	30.6 	aGCACTGtaGCaaGAGGTGGAGG
Chr3 	53375995 	30.6 	GGCtCTGaGGCcaGAGGTGGTGG
Chr10 	77103120 	30.4 	GGCAtcaCGGCTGGAGGTGGAGG
Chr10 	73435248 	30.3 	GtaACTGCGGCTGGcGGTGGTGG
Chr5 	96338759 	30.0 	aGCACTGgGGaTGGAGGTGtAGG
Chr1 	44397932 	29.9 	aGaACTGCtGCTGGAGGTGGTGG
Chr5 	1832938 	28.6 	GGCtCTGtGGCcGGAGGaGGCGG
Chr6 	160517881 	28.4 	GGCACTGCtGCTGGgGGTGGTGG
Chr9 	140205577 	28.1 	GGCcCTGgGGCTGGAGGTGtTGG
Chr6 	33950129 	27.3 	GGCtCTGaGGCTGGtGGTGGGGG
Chr1 	53336192 	26.5 	GGCACgcgGctgGGAGGTGGAGG
Chr3 	128301954 	25.9 	tGCACTGCaGCTGGgGcTGGAGG
Chr12 	104739609 	25.8 	ccttCTGCGGCTGGAaGTGGTGG
Chr10 	60003488 	25.6 	GGCACgcgGctgGGAGGTGGAGG
Chr17 	69519133 	25.3 	aGCAaTaCGGaTGGAGGTGGAGG
Chr2 	152827915 	25.2 	GGCACTtCGGtTGGgGGTGGGGG
Chr15 	41803379 	25.0 	tGCACTGCGGgcGGAGGcGGCGG
Chr3 	10418956 	25.0 	GGCtCcGCaGCTGGAGGTGGGGG
Chr7 	139631 	24.9 	tGCACcGCGGCTGGgGcTGGAGG
Chr16 	22690928 	24.3 	tcCACTGaGGCTGGgGGTGGTGG
Chr11 	65326667 	24.3 	ctggCaGCGGCTGGgGGTGGGGG
ChrX 	70836550 	23.2 	GGCcaTGCGGCTGGtGGTGGTGG
Chr13 	88900992 	22.9 	caCACTGCaGCTGGAGGTGGTGG
Chr12 	104234592 	22.9 	ctgcCTGCGGCTGGgGGTGtGGG
Chr17 	75429280 	22.6 	GaCACcaCGGCTGGAGaTGGTGG
Chr14 	101945036 	22.4 	GGgACTGCaaCTGGAGGTGGGGG
Chr9 	74103955 	22.1 	GGCACTGCaGCaGGgGaTGGGGG
Chr3 	9039864 	21.8 	GGCtCTGtaGCTGGgGGTGGTGG
Chr1 	204463911 	20.9 	GGCgCTGCGGCTGGAGccGGCGG
Chr2 	8817154 	20.7 	tGCACaGCGGaTGGAGGgGGGGG
Chr17 	40693639 	20.4 	GGCACTGCaGgcaGgaGgtGAGT
ChrX 	152805653 	20.1 	GcCACTGaGGCcGGAGGTGGAGA
Chr6 	41374185 	20.1 	GGgcacGCGGCTGGAGGaGGGGG
Chr2 	6961256 	20.1 	aGCtCTGCGGCaGGAGtTGGAGG
Chr10 	13692637 	19.9 	GGCACTGgGGCTGGgGGaGGGGG
Chr17 	75325331 	19.7 	GGCcCTGCaGCTGGAGagGGAGG
Chr7 	43256545 	19.6 	taCACTGCaGCTGGgaGTGGTGG
Chr14 	88773031 	19.5 	aGCACTGgGGCTGGgGGaGGGGG
Chr14 	63796588 	19.4 	GaCACTaaGGCTGGAGGTGGGGA
Chr17 	42152617 	19.1 	tGCACTGCaGCTGGgGGTcGGGG
Chr7 	29233956 	18.7 	GcCACTGgGGCTGGAGGgGGAGG
ChrX 	104846030 	17.8 	cagctctgcGCTGGAGGaGGGGG
Chr4 	19769425 	17.7 	aGCtCTGCtGCTGGAGGaGGTGG
Chr3 	52035832 	17.5 	GGCACTGaatCTGGAGGTGGGGG
Chr7 	55344186 	17.3 	atCACTGCGcCTGGtGGTGGGGG
Chr17 	73501168 	17.0 	GcacCTGCGGCcaGgGGTGGGGG
Chr9 	136602370 	16.8 	GGCACTGgGGCaGGAGaTGGGGG
Chr16 	88716134 	16.7 	aGCACgGCaGCTGGAGGaGGGGG
Chr14 	95761249 	16.4 	GGCACTctGGCTGGAGcTGGGGG
Chr6 	151886088 	16.2 	GGCcCTGCtGCTGGAGaaGGTGG
Chr10 	36109441 	15.9 	GGCAtTGCtGCTGGtGGTGGTGG
Chr1 	228559256 	15.8 	GcacCgcgtGCTGGAGGaGGAGG
Chr21 	36453434 	15.5 	aGCtCTGCtatTGGAGGTGGAGG
Chr9 	19933045 	15.1 	aGCcCTGgGGCaGGAGGTGGGGG
Chr7 	150498859 	15.0 	GctgCTGCGGCTGGAGGTGGGGA
Chr16 	1072626 	14.8 	GGCcCTGCaGCaGGgGGTGGAGG
Chr5 	41968123 	14.8 	GGaAgTGCGGCaGGAGGTGGAGG
Chr2 	45247404 	14.3 	GaCACcGtGaCTGGAGGTGGAGG
Chr18 	60646595 	14.3 	GcagCTGCGGCTGGAGcTGaGGG
Chr1 	18954894 	14.2 	GGaACTGtGGCTGGgGaTGGGGG
Chr2 	231467380 	14.1 	GGCACTGCaGCTGGgGGTtGGTG
Chr4 	7686554 	13.3 	aaCACTGgGGCTGGtGGTGGTGG
Chr17 	25735157 	13.1 	tGCACTcCGaCTGGAaGTGGTGG
Chr2 	149402504 	13.1 	tGCACTGaGGaaGGAGGTGGAGG
Chr12 	53453557 	12.8 	tGgACTGCGGCTGGAGagGGAGG
Chr17 	29815563 	12.6 	GGCgCTGCGGCcGGAGGTGGGGC
Chr8 	145730111 	12.6 	GGCACatgGGCTGGgGGTGGGGG
Chr12 	55427953 	12.5 	GGCACTGaGaaaGGAGGTGGAGG
Chr19 	32836900 	12.4 	tGCcCTGCaGCTGGgGGTGGGGG
Chr20 	49771524 	12.1 	tGCACTGCaGaTGGtaGgtGGGG
Chr17 	38478448 	12.1 	GGCACcttGGCTGaAGGTGGGGG
Chr3 	128169624 	12.0 	acCACTGtGGCTGGcaGgtGGTG
Chr1 	12259808 	11.8 	aGCACTGCaGCgGGAGGTGaGAG
Chr7 	157443393 	11.8 	GGCACTGgGtCTGaAGGTGGAGG
Chr17 	31790791 	11.2 	tGCACTGCaGCTGGgGGcaGAGG
Chr12 	101718339 	10.7 	GGCACTctGGCTGGAcGTGGTGG
Chr8 	1241128 	10.6 	GGCACTGttGCTGGAGGaGGCAG
Chr13 	27530813 	10.5 	GGCACTGCtGactagGGgtGGTG
Chr16 	49777696 	10.3 	tGCACTGCGaCTGGAGGgaGAGG
Chr3 	193847797 	10.1 	GcactgcaaaCTGGAGGTGGGGG
Chr20 	60174571 	9.9 	ccCACTGtGGCTGGAGGTGtGGG
Chr8 	145543672 	9.7 	aGCcCTGCGGCcGGgGGaGGCGG
Chr3 	49055364 	9.6 	GGgACTGCGGCTGGAGGTGGGAA
Chr4 	156491955 	9.4 	ttCACTGtGGCTGGAGGTGGGGA
Chr2 	3610377 	8.6 	aGCACTatGGaTaGAGGTGGAGG
Chr9 	138465751 	8.6 	taCACTGCGGCcGGgaGTGGTGG
Chr16 	26710087 	8.5 	tGCACTGaaGCTGGAGGTGGAGA
Chr9 	35349204 	8.2 	aGtACTGCGGCTGGgcGTGGTGG
Chr22 	18663160 	8.1 	aGCACTagGGCaGGAGaTGGGGG
Chr18 	75260893 	8.1 	GaCACTGaGGCTGGAaGaGGTGG
Chr12 	90804707 	8.0 	GGCAtgcgGctgGGAGGTGGAGG
Chr6 	167276293 	7.9 	cGttCTGCGGCgGGAGGTGGCGG
Chr7 	17979718 	7.7 	GcactgGCaGCcGGAGGTGGTGG
Chr17 	64544877 	7.6 	GGCAggGCGGCTGGAGGaGGTGG
Chr10 	132972512 	7.6 	aGCACTGgGGCaGGAGGgtGGTG
Chr1 	229619193 	7.4 	ttgcaTGCGGCTGGAaGTGGTGG
Chr6 	36761680 	7.4 	ccCACTGgGGCTGGAGGTGGGGG
Chr14 	77678312 	7.3 	cagACTGCaGCTGGtaGgtGGTG
Chr11 	3159715 	6.9 	GGCAgTGCaGCTGGAGGcaGGGG
ChrX 	26910569 	6.9 	GGCtCTGCcaCTGGAGGgGGTGG
Chr20 	61989531 	6.8 	GaCACTGaGGCTGGAGGTctGGG
Chr1 	2933843 	6.6 	GGCcCTGaGaCTGcAGcTGGAGG
Chr15 	77121510 	6.6 	aGCACTGtGGaTGGAGtTGGAGG
Chr9 	11158273 	6.6 	cttcCTaCGGCaGGAGGTGGGGG
Chr3 	16815640 	6.3 	cGCACTGgGGCTGcAGGTGGAGG
Chr6 	159190938 	6.0 	GGCcCTGCaGCTGGAGGaGGAGA
Chr2 	71786040 	5.8 	aGCACTGCaGtgaGAGGTGGAGG
Chr10 	128864484 	5.6 	GaCACcGCaGCTGGgGGcGGCGG
Chr7 	48144881 	5.6 	aGCACTGgGGCTGGAGcTaGAGG
Chr16 	50334859 	5.2 	GGttCTGCGGtTGGgGGTGGGGG
Chr15 	25425088 	5.1 	GGCtCTGCattTGGAGGTGtGCG
Chr17 	176302 	5.0 	tGCACTGtGGCTGGAGaTGGGGG
Chr16 	1029978 	4.9 	GGCACTGCaGacGGAGGTGtGGG
Chr13 	29913424 	4.8 	GaCACTGCtGCTGGAGagtGGAG
Chr16 	89469252 	4.7 	GGCACTGCGGgaGGAGGTGGGCG
Chr6 	157547859 	4.5 	aGaACTGgGGCTGGgGGTGGGGG
Chr20 	56668028 	4.4 	GGgcCTGCaGCTGGgGGTGGGGG
Chr16 	78413349 	4.4 	GGtACaGtGGCTGGAGGTGGAAG
Chr5 	177928896 	4.4 	ccCACTGCGGgTGGAGGTGGAAG
ChrX 	101411055 	4.3 	cGCAgTGCGGCaGGAGGgtGGGG
Chr11 	20409041 	4.3 	aaCcCTGCGGCaGGAGGaGGCGG
Chr14 	99286477 	4.2 	GatACTGgGGCTGGgGGTGGAGG
Chr11 	78127585 	4.2 	tGCACTGCaGCTGGAGGcaaCGG
Chr1 	183596713 	4.1 	GcactTGCtGCTGGAGGaGtAGG
Chr11 	17538892 	4.1 	tGCACTGCGGtcaGgaGgaGGCG
Chr22 	18854922 	3.6 	aGCACTagGGCaGGAGaTGGGGG
Chr12 	21742959 	3.4 	aGCcCTGCtaCTGGgGGTGGGGG
Chr8 	144781302 	3.3 	GaCACTGCaGCTGGAGGTGGGGT
Chr2 	59012462 	3.3 	tGCACTGCaaCTGGgGGTGGCAG
Chr1 	908980 	3.3 	GaCcCTGCGGtgGGAGGTGGCGG
Chr15 	43601412 	3.2 	GGCcCTGaGGCaGGAaGTGGGGG
Chr1 	176665050 	3.1 	acCACTGaGGaTGGgGGTGGAGG
Chr20 	19620239 	3.1 	cGCACTGgGGCTGcAGGTGGAGG
Chr5 	171087054 	3.1 	GGgACTGCaGCTGGgGaTGGGGG
Chr15 	26125549 	3.1 	caaACTGCaGCTGGAGaTGGGAG
Chr12 	114150540 	2.9 	ctgACTGCaGCTGGAGGTGGAGA
Chr7 	157889941 	2.9 	GGCACTGgGGaaGGAGGTGGAGG
Chr22 	44625614 	2.9 	GaCACTGCtaCTGGAGGctGGGG
Chr18 	60805450 	2.8 	GcactgGCGGCTGGgaGTGGTGG
Chr22 	18743056 	2.7 	aGCACTagGGCaGGAGaTGGGGG
Chr12 	130859964 	2.6 	GagAaTGCGGaTGGAGGTGGTGG
Chr14 	24740271 	2.5 	GGCACTGCcaCTGGgGGTGaGGG
Chr5 	54469282 	2.5 	GcCACcGCGGCaGGAGGcGGAGG
Chr4 	6094150 	2.5 	GagcCTGCGGCTGcAGGTGGGTG
Chr 	Position 	DNA cleavage Score 	DNA seq at a cleavage sites
Chr12 	124803834 	141.1 	gcTGCCCCACAGGGCAGcAAAGG
Chr15 	46598129 	110.7 	gTTGCCCCtCAGGaCAGTAcAGG
Chr22 	17230623 	97.4 	tgTGCCCCACAGaGCAcTAAGGG
Chr9 	104595883 	92.4 	tcaGCCCCACAGGGCAGTAAGGG
Chr17 	8370253 	87.7 	tTgctCCCACAGGGCAGTAAACG
Chr14 	94585327 	83.7 	aTgGCCCCACAaGGCAGaAATGG
Chr11 	5248215 	81.8 	CTTGCCCCACAGGGCAGTAACGG
Chr12 	93549202 	58.4 	aTTGCCCCACgGGGCAGTgACGG
Chr1 	177593980 	22.9 	tcTaCCCCACAtGGCAGTAATGG
ChrX 	75006257 	16.6 	gTgGCCCCACAGGGCAGgAATGG
Chr6 	50041372 	14.2 	tcTGCCCCACAtGGCAGTAATGA
Chr6 	23709579 	11.5 	gaaGCCCtACAGGGCAGcAATGG
Chr2 	121715240 	9.8 	gTgtCCCCACAGGGCAGgAAAGG
Chr8 	24931381 	9.7 	agTGCCaCACAcaGCAGTAAGGG
Chr14 	36889538 	5.3 	gTTatCCCACAGGaCAGTgAGGG
Chr1 	17346702 	5.2 	CggtCCCCACAGGGtcagtAAGG
Chr20 	39992928 	4.9 	agTGgCCCcCAGGGCAGTgAGGG
Chr10 	95791920 	4.8 	acTctCCCACAaGGCAGTAAGGG
Chr4 	148531374 	3.8 	gTTaCCtCACAGaGCAGaAAGGG
Chr5 	53613387 	3.2 	tcacCCCCACAGGcCAGTAAAGG
