guide	off-target	mismatch	diffLocs	offtScore	Kim16	Tsai	mitPredicted
GGCACTGCGGCTGGAGGTGGGGG	GGGACTGCGGCTGGAGGTGGGAA	1	..*.................	98.6	notFound	0.0068615627729	False
GGCACTGCGGCTGGAGGTGGGGG	GGCACTGAGGGTGGAGGTGGGGG	2	.......*..*.........	3.17620481928	notFound	0.0270303988023	False
GGCACTGCGGCTGGAGGTGGGGG	GGCGCTGCGGCGGGAGGTGGAGG	2	...*.......*........	3.70952380952	notFound	0.0416683993845	False
GGCACTGCGGCTGGAGGTGGGGG	GGCACTGGGGTTGGAGGTGGGGG	2	.......*..*.........	3.17620481928	notFound	0.0276125920073	False
GGCACTGCGGCTGGAGGTGGGGG	GACACTGCAGCTGGAGGTGGGGT	2	.*......*...........	4.33171641791	notFound	0.00153865347029	False
GGCACTGCGGCTGGAGGTGGGGG	GGCGCTGCGGCCGGAGGTGGGGC	2	...*.......*........	3.70952380952	notFound	0.00370108537447	False
GGCACTGCGGCTGGAGGTGGGGG	GGCACTGTGGCTGCAGGTGGAGG	2	.......*.....*......	0.996830985915	notFound	0.0224144383915	False
GGCACTGCGGCTGGAGGTGGGGG	GGCACTGCGGGTGGAGGCGGGGG	2	..........*......*..	0.771201492537	notFound	0.0103547220027	False
GGCACTGCGGCTGGAGGTGGGGG	GCCACTGTGGCTGGAGGTGGGGA	2	.*.....*............	6.69014084507	notFound	0.00266145465131	False
GGCACTGCGGCTGGAGGTGGGGG	GGCAATGCGGCTGGAGGCGGAGG	2	....*............*..	2.16511627907	notFound	0.0099804549424	False
GGCACTGCGGCTGGAGGTGGGGG	GGCACGACGGCTGGAGGTGGGGG	2	.....**.............	2.15689148352	notFound	0.0571796897742	False
GGCACTGCGGCTGGAGGTGGGGG	GGCTCTGCGGCTGGAGGGGGTGG	2	...*.............*..	2.38717948718	notFound	0.0840021624319	False
GGCACTGCGGCTGGAGGTGGGGG	GGCACTGCTGCTGGGGGTGGTGG	2	........*.....*.....	1.0954971831	notFound	0.0328107456232	False
GGCACTGCGGCTGGAGGTGGGGG	GGAACTGTGGCTGGAGGTGGCAG	2	..*....*............	6.24466666667	notFound	0.00278621033809	False
GGCACTGCGGCTGGAGGTGGGGG	GGCACAGCAGGTGGAGGTGGAGG	3	.....*..*.*.........	0.49783039272	notFound	0.00166340915707	False
GGCACTGCGGCTGGAGGTGGGGG	GGCTCTTCGGCTGGAGGTAGCGG	3	...*..*...........*.	0.677902985075	notFound	0.00220401713311	False
GGCACTGCGGCTGGAGGTGGGGG	GGCACTGAGACTGGGGGTGGGGG	3	.......*.*....*.....	0.627808835341	notFound	0.040836694806	False
GGCACTGCGGCTGGAGGTGGGGG	GGCAGGGCGGCTGGAGGAGGTGG	3	....**...........*..	0.352585289515	notFound	0.00103963072317	False
GGCACTGCGGCTGGAGGTGGGGG	GCCACAGCGGCCGGAGGTGGCAG	3	.*...*.....*........	0.837857777778	notFound	0.00274462510916	False
GGCACTGCGGCTGGAGGTGGGGG	GGAACTGGGGCTGGGGGTGGGGG	3	..*....*......*.....	0.785713928013	0.002	notFound	False
GGCACTGCGGCTGGAGGTGGGGG	AGGACTGCGGCTGGGGGTGGTGG	3	*.*...........*.....	0.832622222222	notFound	0.0272799101759	False
GGCACTGCGGCTGGAGGTGGGGG	GGTACTCTGGCTGGAGGTGGTGG	3	..*...**............	1.63414074074	notFound	0.00324364785628	False
GGCACTGCGGCTGGAGGTGGGGG	GCCACTGGGGCTGGGGGTGGGGG	3	.*.....*......*.....	0.796870109546	notFound	0.0150122676425	False
GGCACTGCGGCTGGAGGTGGGGG	GTAACTGCGGCTGGCGGTGGTGG	3	.**...........*.....	0.785713928013	notFound	0.00133072732565	False
GGCACTGCGGCTGGAGGTGGGGG	GTCACTGCAGCTGGAGGAGGGGG	3	.*......*........*..	0.401298765432	notFound	0.00806753441178	False
GGCACTGCGGCTGGAGGTGGGGG	GGCACTCTGGCTGGAGCTGGGGG	3	......**........*...	0.74016962963	notFound	0.00128914209673	False
GGCACTGCGGCTGGAGGTGGGGG	TGCACTGCGGCCGGAGGAGGTGG	3	*..........*.....*..	0.323140740741	notFound	0.102923441594	False
GGCACTGCGGCTGGAGGTGGGGG	GGCACGGAGGCTGGAAGTGGGGG	3	.....*.*.......*....	0.29290962963	notFound	0.00257828419345	False
GGCACTGCGGCTGGAGGTGGGGG	GGCCCTGGGGCTGGAGGTGTTGG	3	...*...*...........*	1.39735449735	notFound	0.0012475568678	False
GGCACTGCGGCTGGAGGTGGGGG	CACACTGCAGCTGGAGGTGGTGG	3	**......*...........	1.63277074543	notFound	0.00449120472408	False
GGCACTGCGGCTGGAGGTGGGGG	GGCACAGCAGCTGGAGGTGCTGG	3	.....*..*..........*	0.485700922886	notFound	0.0153449494739	False
GGCACTGCGGCTGGAGGTGGGGG	GTCACTGCGGCTGCAGATGGCGG	3	.*...........*..*...	0.180752072968	notFound	0.00245352850667	False
GGCACTGCGGCTGGAGGTGGGGG	TGCACTGTGGCTGGAGATGGGGG	3	*......*........*...	1.29012345679	notFound	0.0146380005822	False
GGCACTGCGGCTGGAGGTGGGGG	AGCAGTGCGGCTAGAGGTGGTGG	3	*...*.......*.......	1.15070422535	notFound	0.0407951095771	False
GGCACTGCGGCTGGAGGTGGGGG	GGCTCCGCAGCTGGAGGTGGGGG	3	...*.*..*...........	0.896991698595	notFound	0.00835863101426	False
GGCACTGCGGCTGGAGGTGGGGG	GGCACTTCGGTTGGGGGTGGGGG	3	......*...*...*.....	0.271476649789	notFound	0.00378425583233	False
GGCACTGCGGCTGGAGGTGGGGG	GGCACTGGGGCTGGGGGAGGGGG	3	.......*......*..*..	0.147856592593	notFound	0.0296086829958	False
GGCACTGCGGCTGGAGGTGGGGG	GACACTGAGGCAGGAGGTGGGGG	3	.*.....*...*........	1.38488888889	notFound	0.00528132407369	False
GGCACTGCGGCTGGAGGTGGGGG	GGCGCTGCGGCTGGAGCCGGCGG	3	...*............**..	0.237767827529	notFound	0.00137231255458	False
GGCACTGCGGCTGGAGGTGGGGG	GGCAATGTGGCTGAAGGTGGGGG	3	....*..*.....*......	0.398171589311	notFound	0.0185054268724	False
GGCACTGCGGCTGGAGGTGGGGG	GCCACTGCAGCTAGAGGTGGAGG	3	.*......*...*.......	0.665582666667	notFound	0.0123508129912	False
GGCACTGCGGCTGGAGGTGGGGG	GGCATCACGGCTGGAGGTGGAGG	3	....***.............	0.958618437118	notFound	0.0456189961326	False
GGCACTGCGGCTGGAGGTGGGGG	GGCACTGCTGCTAGAGGTGCAGG	3	........*...*......*	0.277547972	notFound	0.00677839231505	False
GGCACTGCGGCTGGAGGTGGGGG	GGCTCTGTGGCTGGAGGAGGTGG	3	...*...*.........*..	0.617578772803	notFound	0.0131409323408	False
GGCACTGCGGCTGGAGGTGGGGG	GGCACTGAATCTGGAGGTGGGGG	3	.......***..........	1.30548095238	notFound	0.0024951137356	False
GGCACTGCGGCTGGAGGTGGGGG	GGCACTGGGGCAGGAGATGGGGG	3	.......*...*....*...	0.506185654008	notFound	0.00253669896453	False
GGCACTGCGGCTGGAGGTGGGGG	GCCACTGCGACTGGAGGAGGGGG	3	.*.......*.......*..	0.604903703704	notFound	0.0037426706034	False
GGCACTGCGGCTGGAGGTGGGGG	CCCACTGGGGCTGGAGGTGGGGG	3	**.....*............	2.54350736278	notFound	0.00345157400091	False
GGCACTGCGGCTGGAGGTGGGGG	GGCACCGCGGCCGGAGCTGTGGG	4	.....*.....*....*..*	0.0718329643434	notFound	0.00195450575955	False
GGCACTGCGGCTGGAGGTGGGGG	GGCTCTGTGGCCGGAGGAGGCGG	4	...*...*...*.....*..	0.144953164557	notFound	0.00411693766374	False
GGCACTGCGGCTGGAGGTGGGGG	GAGGCTGCGGCTGGGGGTGGAGG	4	.***..........*.....	0.397208227848	notFound	0.00943984696636	False
GGCACTGCGGCTGGAGGTGGGGG	AGCACTGTGGCTGGGGGAGGGGG	4	*......*......*..*..	0.0831693333333	notFound	0.0222896827047	False
GGCACTGCGGCTGGAGGTGGGGG	AGCACTGGGGCTGGGGGAGGGGG	4	*......*......*..*..	0.0831693333333	notFound	0.00494864224228	False
GGCACTGCGGCTGGAGGTGGGGG	GGCACTGAGACCAGAGGTGGTGG	4	.......*.*.**.......	0.228837884341	notFound	0.00158023869921	False
GGCACTGCGGCTGGAGGTGGGGG	AGCACTGCAGCTGGGAGTGGAGG	4	*.......*.....**....	0.0445940386667	notFound	0.00744375597788	False
GGCACTGCGGCTGGAGGTGGGGG	GACACAACGGCAGGAGGTGGCGG	4	.*...**....*........	0.290868510542	notFound	0.00149706824136	False
GGCACTGCGGCTGGAGGTGGGGG	AGCACTGTGGCTGGGGGAGGCGG	4	*......*......*..*..	0.0831693333333	notFound	0.00823387532748	False
GGCACTGCGGCTGGAGGTGGGGG	GGCACTGCCACTGGGGGTGAGGG	4	........**....*....*	0.0899761104732	notFound	0.0048238865555	False
GGCACTGCGGCTGGAGGTGGGGG	AGCACGGCAGCTGGAGGAGGGGG	4	*....*..*........*..	0.114716268333	notFound	0.00798436395392	False
GGCACTGCGGCTGGAGGTGGGGG	AGCACTGCAGATGGAGGAGGCGG	4	*.......*.*......*..	0.105235585	notFound	0.00424169335052	False
GGCACTGCGGCTGGAGGTGGGGG	AGCACTGGGGATGGAGGTGTAGG	4	*......*..*........*	0.38708318662	notFound	0.00120597163887	False
GGCACTGCGGCTGGAGGTGGGGG	GGTACAGCGGCTGGGGGAGGCGG	4	..*..*........*..*..	0.0496130024133	notFound	0.00203767621741	False
GGCACTGCGGCTGGAGGTGGGGG	GACACAGTGGCTGGAGGTGTGGG	4	.*...*.*...........*	0.421955545775	notFound	0.00133072732565	False
GGCACTGCGGCTGGAGGTGGGGG	AGCACTGTGCCTGGGGGTGGGGG	4	*......*.*....*.....	0.371023101266	notFound	0.0100220401713	False
GGCACTGCGGCTGGAGGTGGGGG	GGCACAATGGCTGGAGGTGAAGG	4	.....***...........*	0.259011269383	notFound	0.00511498315798	False
GGCACTGCGGCTGGAGGTGGGGG	GGCTCTGAGGCCAGAGGTGGTGG	4	...*...*...**.......	0.272415361446	notFound	0.00798436395392	False
GGCACTGCGGCTGGAGGTGGGGG	GACACCACGGCTGGAGATGGTGG	4	.*...**.........*...	0.251888977083	notFound	0.0267808874288	False
GGCACTGCGGCTGGAGGTGGGGG	GGCTGTGCGGCCAGAGGTGGAGG	4	...**......**.......	0.272415361446	notFound	0.00573876159188	False
GGCACTGCGGCTGGAGGTGGGGG	GACACCGTGACTGGAGGTGGAGG	4	.*...*.*.*..........	0.760552801724	notFound	0.0048238865555	False
GGCACTGCGGCTGGAGGTGGGGG	TGGACTGCGGCTGGAGAGGGAGG	4	*.*.............**..	0.117805636667	notFound	0.00203767621741	False
GGCACTGCGGCTGGAGGTGGGGG	AACACTGTGGCCGGGGGTGGTGG	5	**.....*...*..*.....	0.120735614458	notFound	0.00112280118102	False
GGCACTGCGGCTGGAGGTGGGGG	CAGACTGCGGCAGGGGGTGGCGG	5	***........*..*.....	0.119045315855	notFound	0.00137231255458	False
GGCACTGCGGCTGGAGGTGGGGG	AGCACTGTAGCAAGAGGTGGAGG	5	*......**..**.......	0.10652530294	notFound	0.00162182392814	False
GGCACTGCGGCTGGAGGTGGGGG	GGCACTGCAGCCTGGGGGTGGGG	6	........*..**.*..**.	0.00116775179833	notFound	0.00324364785628	False
