gRNA 	Protospacer (N19) + PAM 	Reads 	Indels 	Mut% 
Bmp2/4.1 	CTGCATAATACGCGGGACCTGG 	2 	0 	0.00* 
Bmp2/4.2 	CTAGAAGTTATCACCACGAAGG 	8032 	2001 	24.91 
Bmp2/4.3 	ATGTGGTTGCTCGGCATCCCGG 	4821 	620 	12.86 
Bmp2/4.4 	GAGCTTCTCCTGCATCGAGAGG 	20319 	7686 	37.83 
Ddr.1 	CTACAGCACAAATAGATACWGG 	1146 	44 	3.84 
Ddr.2 	CAATGCTATCCATTGGGGCAGG 	2597 	1101 	42.40 
Ddr.3 	GAGCGTCCGCAGTTGTCGCTGG 	270 	9 	3.33 
Ddr.4 	CATCCACTGGTGCAGGGGTTGG 	854 	401 	46.96 
Ddr.5 	TGAGCCTTATGTCTCTGCATGG 	2118 	695 	32.81 
Ebf.1 	TACGACAGACAAGGGCAGCTGG 	923 	227 	24.59 
Ebf.2 	GCATCCATCCTCTCACTGCCGG 	825 	41 	4.97 
Ebf.3 	CTGAGGGTTGGACAACAGGWGG 	923 	344 	37.27 
Ebf.3 (PCR) 	CTGAGGGTTGGACAACAGGWGG 	346167 	104397 	30.16 
Ebf.3 (OSO-PCR) 	CTGAGGGTTGGACAACAGGWGG 	9264 	3174 	34.26 
Ebf.4 	TTGGAGAAAATTTCTTTGACGG 	10184 	5 	0.05 
Eph.a.1 	ATTCACGATAAGGTAAGACGGG 	1528 	354 	23.17 
Eph.a.2 	GGCTGCAATCGTATCAACCTGG 	915 	320 	34.97 
Eph.a.3 	AATTGGGGACACATTGTCCTGG 	3703 	1374 	37.11 
Ets.b.1 	ATATCTCGCCCACAAATGGAGG 	1740 	162 	9.31 
Ets.b.2 	ATCTTGATAGGTTGCAGTCAGG 	23999 	1373 	5.72 
Ets.b.3 	GAGTGGTCCAATCCAACTGTGG 	975 	373 	38.30 
Ets.b.4 	CTTACCTTGCTACTTCATCTGG 	916 	1 	0.12 
Ffg4/6.1 	CCCGCAATTCAGTACCTGTCGG 	6540 	2453 	37.51 
Ffg4/6.2 	AGTCTTTATTCCGTAGCTCGGG 	5014 	982 	19.59 
Ffg4/6.3 	CATCTCGGTGGACAATATGTGG 	57606 	11894 	20.65 
Ffg4/6.4 	TGTTCATTTAGGCTTACCATGG 	8182 	838 	10.24 
Fgf8/17/18.1  	CTCGGAGACATAGCCAGCGGGG 	3899 	1554 	39.86 
Fgf8/17/18.2  	GGACGACTAGTTGGAAAGGTGG 	6193 	1933 	31.21 
Ffgr.1 	CAACACACGTCTTACCTTCTGG 	1209 	292 	24.15 
Ffgr.2 	CAAACGGAGCACCAAAAAGTGG 	1744 	530 	30.39 
Ffgr.3 	TTGAACTGCACATCTAAACTGG 	1459 	34 	2.33 
Ffgr.4 	TACATCCAGTTCGTAAGTATGG 	6117 	1486 	24.29 
Foxf.1 	CCATTCGCTGCGACCGCTGCGG 	2420 	703 	29.05 
Foxf.2 	ACTCTGCCCATCCCGCCAAAGG 	27427 	4830 	17.61 
Foxf.3 	ACAGCCACCTCGCTTATGAAGG 	5147 	1477 	28.70 
Foxf.4 	GTATATATAAGGGGCTCAGCGG 	5820 	2257 	38.78 
Foxg-r.1 	AGAGAGGTCCCAATACAAAAGG 	3559 	67 	1.87 
Foxg-r.2 	GTTGAGACTGAGATTGTGACGG 	5472 	2087 	38.14 
Foxg-r.3 	ATTGGACCATGACGAGAGAGGG 	4005 	407 	10.16 
Foxg-r.4 	TCAAAAGGAGACGAAGACGAGG 	36132 	124 	0.34 
Fzd5/8.1 	TGCGAATGCACTTACCGACTGG 	3624 	547 	15.09 
Fzd5/8.2 	CTTAGTCAAAGGGCCGAATTGG 	3948 	941 	23.83 
Fzd5/8.3 	ACACCCCGATCTGTATACCTGG 	33293 	9853 	29.59 
Fzd5/8.4 	GGTCATTCTGTCACTGACTTGG 	459 	85 	18.52 
Gata4/5/6.1 	CTACGGTAGGGGTAGTAGTAGG 	3475 	1502 	43.22 
Gata4/5/6.2 	GTAACGGTTGTGCTACAGTTGG 	2621 	360 	13.74 
Gata4/5/6.3 	AGAAGTCCGGACGGAAACCCGG 	30165 	12270 	40.68 
Gata4/5/6.4 	CGTAGAGGCTGACGTCACGAGG 	1686 	597 	35.41 
Hand.1 	TTTGTATCCGACGGTACGTTGG 	183 	65 	35.52 
Hand.2 	CCCGTACAGTCGCCGGTATCGG 	20560 	6369 	30.98 
Hand.3 	GGGTTCCGCGCCGACTTAAAGG 	7507 	392 	5.22 
Hand.4 	TACTTCGGTGTAAGTCAATTGG 	2224 	513 	23.07 
Hand-r.1 	GCAACCGAAAACCCACACATGG 	5118 	628 	12.27 
Hand-r.2 	AACATTGGGAGGGTAGCGGGGG 	37245 	8178 	21.96 
Hand-r.3 	GAACCCTTGTTTGATAACTTGG 	3602 	317 	8.80 
Hand-r.4 	CATCGTTAATTCTACTCTGYGG 	7760 	58 	0.75 
Htr7-r.1 	AACTCCTGAGTTCTTGAGACGG 	1812 	1053 	58.11 
Htr7-r.2 	TGATCTGGCAATCACAGCATGG 	20142 	12011 	59.63 
Htr7-r.3 	ACACAGAAAGACACTGGGGTGG 	1048 	461 	43.99 
Htr7-r.4 	AAGCAAAGGGGGACTCCCTGGG 	1023 	367 	35.87 
Islet.2  	GATGCGGCAGGGGTCTGTAAGG 	2390 	1050 	43.93  
Lef1.1 	AGAATGCCTCAGTTAAACTCGG 	3547 	1067 	30.08 
Lef1.2 	CGTAAGATTGTCGCCTGTGTGG 	1588 	692 	43.58 
Mrf.1 	ATGGGGTTTGTGGCGTAACTGG 	2163 	335 	15.49 
Mrf.2 	GACGAACTGAAGAGATGCGTGG 	23595 	7750 	32.85 
Mrf.3 	TAGTGTTGCCGCCCTCCGTCGG 	5544 	1808 	32.61 
Mrf.4 	CTTAAGGGCGTCGTACGCTTGG 	36222 	1902 	5.25 
Neurog.1 	CTTACCATTACGTCTTGTGAGG 	2456 	579 	23.57 
Neurog.2 	TTAACTTGTTAATTGTCACAGG 	5585 	0 	0.00  
Nk4.1 	GGAAGTGATTCATCCGTACAGG 	5088 	719 	14.13 
Nk4.2 	AATCAGTTACTCAAGTCACGGG 	41237 	18969 	46.00 
Nk4.3 	AACCAGATCTTGACCTGGGTGG 	3125 	1181 	37.79 
Nk4.4 	CAAGACAAAACCTTAGAGCTGG 	37168 	5134 	13.81 
Rhod/f.1 	TAGTTGGGGATGGTGGATGCGG 	2882 	1682 	58.36 
Rhod/f.2 	TCAAAGGTGTACACGCCCACGG 	3755 	841 	22.40 
Rhod/f.3 	TAACATTGTGGGATACGGCGGG 	23845 	9707 	40.71 
Rhod/f.4 	CCAGAACGTAGAAATCCGATGG 	625 	22 	3.52 
Tle.b.1 	TAGACTTACCTCTTGTGACAGG 	5808 	1570 	27.03 
Tle.b.2 	ACCCGACAGCTCCCATACCYGG 	3933 	1035 	26.32 
Tle.b.3 	GGAGGGAGTCCTGGAGGGTGGG 	30004 	11731 	39.10 
Tle.b.4 	TTCCCTCCTCCTCCGCAGCCGG 	288073 	20041 	6.96 
